time,cwnd,ssthresh,mode,event,rto,W_max,sending_rate,throughput,bytes_sent,bytes_acked,extra
2.384185791015625e-06,11800.0,1180000.0,slow_start,transfer_start,0.1,0,0,0.0,0,0,file_size=32317690
0.0450441837310791,18880.0,1180000.0,slow_start,slow_start_growth,0.1348400115966797,0,274959928.8888889,157179.00544649048,11800,7080,cwnd: 11800 -> 18880
0.045059919357299805,23600.0,1180000.0,slow_start,slow_start_growth,0.11237147450447083,0,274959928.8888889,261873.52681287864,11800,11800,cwnd: 18880 -> 23600
0.08999133110046387,24780.0,1180000.0,slow_start,slow_start_growth,0.09556769952178001,0,677983386.3013699,144236.11520435766,35400,12980,cwnd: 23600 -> 24780
0.09000468254089355,25960.0,1180000.0,slow_start,slow_start_growth,0.0829336759634316,0,677983386.3013699,157325.1479840109,35400,14160,cwnd: 24780 -> 25960
0.0900106430053711,27140.0,1180000.0,slow_start,slow_start_growth,0.07344920089235529,0,677983386.3013699,170424.29081508322,35400,15340,cwnd: 25960 -> 27140
0.09001541137695312,28320.0,1180000.0,slow_start,slow_start_growth,0.0663315309866448,0,677983386.3013699,183524.12933847524,35400,16520,cwnd: 27140 -> 28320
0.09001946449279785,29500.0,1180000.0,slow_start,slow_start_growth,0.060989153977971,0,677983386.3013699,196624.14234219442,35400,17700,cwnd: 28320 -> 29500
0.09002447128295898,30680.0,1180000.0,slow_start,slow_start_growth,0.05697800970585831,0,677983386.3013699,209720.75404539314,35400,18880,cwnd: 29500 -> 30680
0.09002852439880371,31860.0,1180000.0,slow_start,slow_start_growth,0.05396678139935318,0,677983386.3013699,222818.26936470988,35400,20060,cwnd: 30680 -> 31860
0.09003257751464844,33040.0,1180000.0,slow_start,slow_start_growth,0.05170869625520602,0,677983386.3013699,235914.60542762114,35400,21240,cwnd: 31860 -> 33040
0.09003639221191406,34220.0,1180000.0,slow_start,slow_start_growth,0.05001796581653273,0,677983386.3013699,249010.4217773541,35400,22420,cwnd: 33040 -> 34220
0.09004044532775879,35400.0,1180000.0,slow_start,slow_start_growth,0.05,0,677983386.3013699,262104.4344471306,35400,23600,cwnd: 34220 -> 35400
0.09004426002502441,36580.0,1180000.0,slow_start,slow_start_growth,0.05,0,677983386.3013699,275197.9969974025,35400,24780,cwnd: 35400 -> 36580
0.09004831314086914,37760.0,1180000.0,slow_start,slow_start_growth,0.05,0,677983386.3013699,288289.6868860706,35400,25960,cwnd: 36580 -> 37760
0.09005212783813477,38940.0,1180000.0,slow_start,slow_start_growth,0.05,0,677983386.3013699,301380.9962245768,35400,27140,cwnd: 37760 -> 38940
0.09005594253540039,40120.0,1180000.0,slow_start,slow_start_growth,0.05,0,677983386.3013699,314471.1964884227,35400,28320,cwnd: 38940 -> 40120
0.09006047248840332,41300.0,1180000.0,slow_start,slow_start_growth,0.05,0,677983386.3013699,327557.6863512301,35400,29500,cwnd: 40120 -> 41300
0.09006428718566895,42480.0,1180000.0,slow_start,slow_start_growth,0.05,0,677983386.3013699,340645.5650590194,35400,30680,cwnd: 41300 -> 42480
0.09006810188293457,43660.0,1180000.0,slow_start,slow_start_growth,0.05,0,677983386.3013699,353732.33513247373,35400,31860,cwnd: 42480 -> 43660
0.0900716781616211,44840.0,1180000.0,slow_start,slow_start_growth,0.05,0,677983386.3013699,366818.96767499234,35400,33040,cwnd: 43660 -> 44840
0.09007549285888672,46020.0,1180000.0,slow_start,slow_start_growth,0.05,0,677983386.3013699,379903.5554943833,35400,34220,cwnd: 44840 -> 46020
0.09282302856445312,47200.0,1180000.0,slow_start,slow_start_growth,0.05,0,651220884.2105263,381370.87905313773,80240,35400,cwnd: 46020 -> 47200
0.13785576820373535,48380.0,1180000.0,slow_start,slow_start_growth,0.05029383604531546,0,4399749.951106765,265349.7962155553,82600,36580,cwnd: 47200 -> 48380
0.13787007331848145,49560.0,1180000.0,slow_start,slow_start_growth,0.0515628530879915,0,4399749.951106765,273881.0467792671,82600,37760,cwnd: 48380 -> 49560
0.13787627220153809,50740.0,1180000.0,slow_start,slow_start_growth,0.05228260322012811,0,4399749.951106765,282427.1310663243,82600,38940,cwnd: 49560 -> 50740
0.13788151741027832,51920.0,1180000.0,slow_start,slow_start_growth,0.052618220108279025,0,4399749.951106765,290974.459474648,82600,40120,cwnd: 50740 -> 51920
0.13788604736328125,53100.0,1180000.0,slow_start,slow_start_growth,0.05268923496938726,0,4399749.951106765,299522.69130747527,82600,41300,cwnd: 51920 -> 53100
0.13789081573486328,54280.0,1180000.0,slow_start,slow_start_growth,0.05258524980318835,0,4399749.951106765,308069.82882515265,82600,42480,cwnd: 53100 -> 54280
0.1378951072692871,55460.0,1180000.0,slow_start,slow_start_growth,0.05236948414099791,0,4399749.951106765,316617.4700799137,82600,43660,cwnd: 54280 -> 55460
0.13789939880371094,56640.0,1180000.0,slow_start,slow_start_growth,0.052087716152865435,0,4399749.951106765,325164.57931644976,82600,44840,cwnd: 55460 -> 56640
0.13790392875671387,57820.0,1180000.0,slow_start,slow_start_growth,0.05176965124861937,0,4399749.951106765,333710.57963973715,82600,46020,cwnd: 56640 -> 57820
0.1379079818725586,59000.0,1180000.0,slow_start,slow_start_growth,0.05143908437884188,0,4399749.951106765,342257.20193351636,82600,47200,cwnd: 57820 -> 59000
0.13791203498840332,60180.0,1180000.0,slow_start,slow_start_growth,0.051110717814670914,0,4399749.951106765,350803.32187156944,82600,48380,cwnd: 59000 -> 60180
0.13791680335998535,61360.0,1180000.0,slow_start,slow_start_growth,0.05079332649928608,0,4399749.951106765,359347.0758645726,82600,49560,cwnd: 60180 -> 61360
0.1379244327545166,61360.0,1180000.0,slow_start,periodic,0.05079332649928608,0,4399749.951106765,359327.1983087207,82600,49560,
0.13996458053588867,62540.0,1180000.0,slow_start,slow_start_growth,0.052787469914926194,0,717286771.0144928,362520.28767370636,110920,50740,cwnd: 61360 -> 62540
0.13997220993041992,63720.0,1180000.0,slow_start,slow_start_growth,0.05401531979766745,0,717286771.0144928,370930.7727998964,110920,51920,cwnd: 62540 -> 63720
0.13997745513916016,64900.0,1180000.0,slow_start,slow_start_growth,0.05469446120943066,0,717286771.0144928,379346.8022919122,110920,53100,cwnd: 63720 -> 64900
0.13998198509216309,66080.0,1180000.0,slow_start,slow_start_growth,0.05499132094251931,0,717286771.0144928,387764.18240005994,110920,54280,cwnd: 64900 -> 66080
0.13998651504516602,67260.0,1180000.0,slow_start,slow_start_growth,0.05502864240492771,0,717286771.0144928,396181.0177366447,110920,55460,cwnd: 66080 -> 67260
0.13999176025390625,68440.0,1180000.0,slow_start,slow_start_growth,0.054894564988469105,0,717286771.0144928,404595.24115755624,110920,56640,cwnd: 67260 -> 68440
0.13999581336975098,69620.0,1180000.0,slow_start,slow_start_growth,0.05465094527947807,0,717286771.0144928,413012.350928583,110920,57820,cwnd: 68440 -> 69620
0.1400001049041748,70800.0,1180000.0,slow_start,slow_start_growth,0.05434444481549022,0,717286771.0144928,421428.25564583286,110920,59000,cwnd: 69620 -> 70800
0.14000439643859863,71980.0,1180000.0,slow_start,slow_start_growth,0.05400634640250251,0,717286771.0144928,429843.64442007354,110920,60180,cwnd: 70800 -> 71980
0.14000892639160156,73160.0,1180000.0,slow_start,slow_start_growth,0.05365709393425069,0,717286771.0144928,438257.7709965261,110920,61360,cwnd: 71980 -> 73160
0.1400129795074463,74340.0,1180000.0,slow_start,slow_start_growth,0.053310958919706476,0,717286771.0144928,446672.87432929705,110920,62540,cwnd: 73160 -> 74340
0.14001774787902832,75520.0,1180000.0,slow_start,slow_start_growth,0.052979340482254896,0,717286771.0144928,455085.16573950625,110920,63720,cwnd: 74340 -> 75520
0.14002275466918945,76700.0,1180000.0,slow_start,slow_start_growth,0.05266716458985492,0,717286771.0144928,463496.09499776945,110920,64900,cwnd: 75520 -> 76700
0.14002776145935059,77880.0,1180000.0,slow_start,slow_start_growth,0.05237811431189148,0,717286771.0144928,471906.42277876247,110920,66080,cwnd: 76700 -> 77880
0.14003205299377441,79060.0,1180000.0,slow_start,slow_start_growth,0.052112826004752574,0,717286771.0144928,480318.60250588675,110920,67260,cwnd: 77880 -> 79060
0.14003610610961914,80240.0,1180000.0,slow_start,slow_start_growth,0.05187149625637134,0,717286771.0144928,488731.0987241085,110920,68440,cwnd: 79060 -> 80240
0.14004039764404297,81420.0,1180000.0,slow_start,slow_start_growth,0.05165350537261769,0,717286771.0144928,497142.2615991229,110920,69620,cwnd: 80240 -> 81420
0.1400442123413086,82600.0,1180000.0,slow_start,slow_start_growth,0.05145637623519173,0,717286771.0144928,505554.63032952667,110920,70800,cwnd: 81420 -> 82600
0.14004850387573242,83780.0,1180000.0,slow_start,slow_start_growth,0.051279939819945324,0,717286771.0144928,513964.7908261066,110920,71980,cwnd: 82600 -> 83780
0.14005255699157715,84960.0,1180000.0,slow_start,slow_start_growth,0.05112372912985644,0,717286771.0144928,522375.32517453353,110920,73160,cwnd: 83780 -> 84960
0.14005708694458008,86140.0,1180000.0,slow_start,slow_start_growth,0.05098415323752568,0,717286771.0144928,530783.5656286067,110920,74340,cwnd: 84960 -> 86140
0.1400609016418457,87320.0,1180000.0,slow_start,slow_start_growth,0.05086043682314558,0,717286771.0144928,539194.015708357,110920,75520,cwnd: 86140 -> 87320
0.14006495475769043,88500.0,1180000.0,slow_start,slow_start_growth,0.05075185859646923,0,717286771.0144928,547603.0755351292,110920,76700,cwnd: 87320 -> 88500
0.14006900787353516,89680.0,1180000.0,slow_start,slow_start_growth,0.050655616947837705,0,717286771.0144928,556011.6487033014,110920,77880,cwnd: 88500 -> 89680
0.14007282257080078,90860.0,1180000.0,slow_start,slow_start_growth,0.05057106732593499,0,717286771.0144928,564420.6959564806,110920,79060,cwnd: 89680 -> 90860
0.1400771141052246,92040.0,1180000.0,slow_start,slow_start_growth,0.05049716804838438,0,717286771.0144928,572827.3352328237,110920,80240,cwnd: 90860 -> 92040
0.14008092880249023,93220.0,1180000.0,slow_start,slow_start_growth,0.05256874056135646,0,717286771.0144928,581235.4379431598,110920,81420,cwnd: 92040 -> 93220
0.14008474349975586,94400.0,1180000.0,slow_start,slow_start_growth,0.05376268584714587,0,717286771.0144928,589643.08272545,110920,82600,cwnd: 93220 -> 94400
0.1858961582183838,95580.0,1180000.0,slow_start,slow_start_growth,0.05372854811347699,0,761427495.3846154,450681.71823959064,177000,83780,cwnd: 94400 -> 95580
0.1859111785888672,96760.0,1180000.0,slow_start,slow_start_growth,0.05350122546831201,0,761427495.3846154,456992.42318227986,177000,84960,cwnd: 95580 -> 96760
0.18591809272766113,97940.0,1180000.0,slow_start,slow_start_growth,0.053175738883822446,0,761427495.3846154,463322.308959896,177000,86140,cwnd: 96760 -> 97940
0.18592333793640137,99120.0,1180000.0,slow_start,slow_start_growth,0.052795914262949245,0,761427495.3846154,469655.9397501215,177000,87320,cwnd: 97940 -> 99120
0.1859288215637207,100300.0,1180000.0,slow_start,slow_start_growth,0.0523934695662553,0,761427495.3846154,475988.6028195455,177000,88500,cwnd: 99120 -> 100300
0.18593430519104004,101480.0,1180000.0,slow_start,slow_start_growth,0.051988011783515975,0,761427495.3846154,482320.8923595751,177000,89680,cwnd: 100300 -> 101480
0.18593883514404297,102660.0,1180000.0,slow_start,slow_start_growth,0.051594409509343096,0,761427495.3846154,488655.3146878254,177000,90860,cwnd: 101480 -> 102660
0.1859438419342041,103840.0,1180000.0,slow_start,slow_start_growth,0.05122013497509457,0,761427495.3846154,494988.15901936777,177000,92040,cwnd: 102660 -> 103840
0.18594861030578613,105020.0,1180000.0,slow_start,slow_start_growth,0.05087160380561589,0,761427495.3846154,501321.30509984936,177000,93220,cwnd: 103840 -> 105020
0.18595409393310547,106200.0,1180000.0,slow_start,slow_start_growth,0.05054988229225543,0,761427495.3846154,507652.1737346592,177000,94400,cwnd: 105020 -> 106200
0.1859588623046875,107380.0,1180000.0,slow_start,slow_start_growth,0.05025570410488673,0,761427495.3846154,513984.6459341922,177000,95580,cwnd: 106200 -> 107380
0.18596363067626953,108560.0,1180000.0,slow_start,slow_start_growth,0.05,0,761427495.3846154,520316.79338656494,177000,96760,cwnd: 107380 -> 108560
0.18596863746643066,109740.0,1180000.0,slow_start,slow_start_growth,0.05,0,761427495.3846154,526647.9409340149,177000,97940,cwnd: 108560 -> 109740
0.1859734058380127,110920.0,1180000.0,slow_start,slow_start_growth,0.05,0,761427495.3846154,532979.4308673139,177000,99120,cwnd: 109740 -> 110920
0.18597841262817383,112100.0,1180000.0,slow_start,slow_start_growth,0.05,0,761427495.3846154,539309.9047496956,177000,100300,cwnd: 110920 -> 112100
0.18598318099975586,113280.0,1180000.0,slow_start,slow_start_growth,0.05,0,761427495.3846154,545640.7372671684,177000,101480,cwnd: 112100 -> 113280
0.1859877109527588,114460.0,1180000.0,slow_start,slow_start_growth,0.05,0,761427495.3846154,551971.9527387259,177000,102660,cwnd: 113280 -> 114460
0.18599247932434082,115640.0,1180000.0,slow_start,slow_start_growth,0.05,0,761427495.3846154,558302.1441362682,177000,103840,cwnd: 114460 -> 115640
0.18599700927734375,116820.0,1180000.0,slow_start,slow_start_growth,0.05,0,761427495.3846154,564632.7347307109,177000,105020,cwnd: 115640 -> 116820
0.18600177764892578,118000.0,1180000.0,slow_start,slow_start_growth,0.05,0,761427495.3846154,570962.2851048775,177000,106200,cwnd: 116820 -> 118000
0.1860063076019287,119180.0,1180000.0,slow_start,slow_start_growth,0.05,0,761427495.3846154,577292.2509155091,177000,107380,cwnd: 118000 -> 119180
0.18601059913635254,120360.0,1180000.0,slow_start,slow_start_growth,0.05,0,761427495.3846154,583622.6564725033,177000,108560,cwnd: 119180 -> 120360
0.18601489067077637,121540.0,1180000.0,slow_start,slow_start_growth,0.05,0,761427495.3846154,589952.7699329533,177000,109740,cwnd: 120360 -> 121540
0.1860194206237793,122720.0,1180000.0,slow_start,slow_start_growth,0.05,0,761427495.3846154,596281.8270697314,177000,110920,cwnd: 121540 -> 122720
0.18901491165161133,123900.0,1180000.0,slow_start,slow_start_growth,0.05,0,626490977.2151898,593074.9009190374,233640,112100,cwnd: 122720 -> 123900
0.18902587890625,125080.0,1180000.0,slow_start,slow_start_growth,0.05,0,626490977.2151898,599283.0222796254,233640,113280,cwnd: 123900 -> 125080
0.18903207778930664,126260.0,1180000.0,slow_start,slow_start_growth,0.050194045661023194,0,626490977.2151898,605505.6969091565,233640,114460,cwnd: 125080 -> 126260
0.18903779983520508,127440.0,1180000.0,slow_start,slow_start_growth,0.05039315207786584,0,626490977.2151898,611729.5064839409,233640,115640,cwnd: 126260 -> 127440
0.1890430450439453,128620.0,1180000.0,slow_start,slow_start_growth,0.05048201642162499,0,626490977.2151898,617954.4979972355,233640,116820,cwnd: 127440 -> 128620
0.18904829025268555,129800.0,1180000.0,slow_start,slow_start_growth,0.05049639814411195,0,626490977.2151898,624179.144081541,233640,118000,cwnd: 128620 -> 129800
0.18905377388000488,130980.0,1180000.0,slow_start,slow_start_growth,0.05046103398504789,0,626490977.2151898,630402.6497542717,233640,119180,cwnd: 129800 -> 130980
0.18905925750732422,132160.0,1180000.0,slow_start,slow_start_growth,0.05039450175021658,0,626490977.2151898,636625.7944038378,233640,120360,cwnd: 130980 -> 132160
0.18906450271606445,133340.0,1180000.0,slow_start,slow_start_growth,0.05030997457761193,0,626490977.2151898,642849.3887217306,233640,121540,cwnd: 132160 -> 133340
0.18906927108764648,134520.0,1180000.0,slow_start,slow_start_growth,0.05021586246872399,0,626490977.2151898,649074.2747038514,233640,122720,cwnd: 133340 -> 134520
0.18907427787780762,135700.0,1180000.0,slow_start,slow_start_growth,0.050117969115128266,0,626490977.2151898,655298.0203900206,233640,123900,cwnd: 134520 -> 135700
0.18907952308654785,136880.0,1180000.0,slow_start,slow_start_growth,0.050021279335763065,0,626490977.2151898,661520.6023274494,233640,125080,cwnd: 135700 -> 136880
0.18908452987670898,138060.0,1180000.0,slow_start,slow_start_growth,0.05,0,626490977.2151898,667743.6809998512,233640,126260,cwnd: 136880 -> 138060
0.18908953666687012,139240.0,1180000.0,slow_start,slow_start_growth,0.05,0,626490977.2151898,673966.4301178037,233640,127440,cwnd: 138060 -> 139240
0.18909430503845215,140420.0,1180000.0,slow_start,slow_start_growth,0.05,0,626490977.2151898,680189.7073200869,233640,128620,cwnd: 139240 -> 140420
0.18909931182861328,141600.0,1180000.0,slow_start,slow_start_growth,0.05,0,626490977.2151898,686411.8052298459,233640,129800,cwnd: 140420 -> 141600
0.18910455703735352,142780.0,1180000.0,slow_start,slow_start_growth,0.05,0,626490977.2151898,692632.7004067264,233640,130980,cwnd: 141600 -> 142780
0.18910932540893555,143960.0,1180000.0,slow_start,slow_start_growth,0.05,0,626490977.2151898,698855.0126452693,233640,132160,cwnd: 142780 -> 143960
0.18911433219909668,145140.0,1180000.0,slow_start,slow_start_growth,0.05,0,626490977.2151898,705076.1222032695,233640,133340,cwnd: 143960 -> 145140
0.1891191005706787,146320.0,1180000.0,slow_start,slow_start_growth,0.05,0,626490977.2151898,711297.7990804603,233640,134520,cwnd: 145140 -> 146320
0.18912410736083984,147500.0,1180000.0,slow_start,slow_start_growth,0.05,0,626490977.2151898,717518.2576861596,233640,135700,cwnd: 146320 -> 147500
0.18912863731384277,148680.0,1180000.0,slow_start,slow_start_growth,0.05,0,626490977.2151898,723740.21165742,233640,136880,cwnd: 147500 -> 148680
0.1891336441040039,149860.0,1180000.0,slow_start,slow_start_growth,0.05,0,626490977.2151898,729960.0272285839,233640,138060,cwnd: 148680 -> 149860
0.18913841247558594,151040.0,1180000.0,slow_start,slow_start_growth,0.05,0,626490977.2151898,736180.4414953158,233640,139240,cwnd: 149860 -> 151040
0.18914318084716797,152220.0,1180000.0,slow_start,slow_start_growth,0.05,0,626490977.2151898,742400.5421240249,233640,140420,cwnd: 151040 -> 152220
0.1891486644744873,153400.0,1180000.0,slow_start,slow_start_growth,0.05,0,626490977.2151898,748617.4982699878,233640,141600,cwnd: 152220 -> 153400
0.18915367126464844,154580.0,1180000.0,slow_start,slow_start_growth,0.05,0,626490977.2151898,754835.9968135846,233640,142780,cwnd: 153400 -> 154580
0.18915843963623047,155760.0,1180000.0,slow_start,slow_start_growth,0.05,0,626490977.2151898,761055.1254115263,233640,143960,cwnd: 154580 -> 155760
0.1891629695892334,156940.0,1180000.0,slow_start,slow_start_growth,0.05,0,626490977.2151898,767274.9075316956,233640,145140,cwnd: 155760 -> 156940
0.18916773796081543,158120.0,1180000.0,slow_start,slow_start_growth,0.05,0,626490977.2151898,773493.4168864937,233640,146320,cwnd: 156940 -> 158120
0.18917250633239746,159300.0,1180000.0,slow_start,slow_start_growth,0.05,0,626490977.2151898,779711.6127479214,233640,147500,cwnd: 158120 -> 159300
0.1891770362854004,160480.0,1180000.0,slow_start,slow_start_growth,0.05,0,626490977.2151898,785930.4856414768,233640,148680,cwnd: 159300 -> 160480
0.18918156623840332,161660.0,1180000.0,slow_start,slow_start_growth,0.05,0,626490977.2151898,792149.060713183,233640,149860,cwnd: 160480 -> 161660
0.18918633460998535,162840.0,1180000.0,slow_start,slow_start_growth,0.05,0,626490977.2151898,798366.3318567621,233640,151040,cwnd: 161660 -> 162840
0.18919086456298828,164020.0,1180000.0,slow_start,slow_start_growth,0.05,0,626490977.2151898,804584.3035371331,233640,152220,cwnd: 162840 -> 164020
0.1891951560974121,165200.0,1180000.0,slow_start,slow_start_growth,0.05,0,626490977.2151898,810802.9992111318,233640,153400,cwnd: 164020 -> 165200
0.18919944763183594,166380.0,1180000.0,slow_start,slow_start_growth,0.05,0,626490977.2151898,817021.4127728213,233640,154580,cwnd: 165200 -> 166380
0.18920421600341797,167560.0,1180000.0,slow_start,slow_start_growth,0.05,0,626490977.2151898,823237.4694926788,233640,155760,cwnd: 166380 -> 167560
0.1892087459564209,168740.0,1180000.0,slow_start,slow_start_growth,0.05,0,626490977.2151898,829454.2580824825,233640,156940,cwnd: 167560 -> 168740
0.19081568717956543,59058.99999999999,118117.99999999999,slow_start,congestion,0.05,143.0,738698316.4179105,822469.0659333108,325680,156940,"cwnd: 168740 -> 59059, ssthresh: 118118"
0.19082069396972656,59058.99999999999,118117.99999999999,slow_start,timeout,0.05,143.0,738698316.4179105,822447.4858313759,325680,156940,"seq=156940, rto=0.050s"
0.19205212593078613,60238.99999999999,118117.99999999999,slow_start,slow_start_growth,0.09000000000000001,143.0,738698316.4179105,823318.1446634183,325680,158120,cwnd: 59059 -> 60239
0.1920642852783203,61418.99999999999,118117.99999999999,slow_start,slow_start_growth,0.05234621611102423,143.0,738698316.4179105,829409.7977099615,325680,159300,cwnd: 60239 -> 61419
0.19207143783569336,62598.99999999999,118117.99999999999,slow_start,slow_start_growth,0.05444088706350722,143.0,738698316.4179105,835522.458770168,325680,160480,cwnd: 61419 -> 62599
0.1920785903930664,63778.99999999999,118117.99999999999,slow_start,slow_start_growth,0.055742494489571914,143.0,738698316.4179105,841634.6645879777,325680,161660,cwnd: 62599 -> 63779
0.19208502769470215,64958.99999999999,118117.99999999999,slow_start,slow_start_growth,0.056482621116491424,143.0,738698316.4179105,847749.571917787,325680,162840,cwnd: 63779 -> 64959
0.1920921802520752,66139.0,118117.99999999999,slow_start,slow_start_growth,0.05683077448285083,143.0,738698316.4179105,853860.890041244,325680,164020,cwnd: 64959 -> 66139
0.19209885597229004,67319.0,118117.99999999999,slow_start,slow_start_growth,0.056911769278585336,143.0,738698316.4179105,859973.8877353327,325680,165200,cwnd: 66139 -> 67319
0.19210505485534668,68499.0,118117.99999999999,slow_start,slow_start_growth,0.056814276875629816,143.0,738698316.4179105,866088.610345431,325680,166380,cwnd: 67319 -> 68499
0.19211101531982422,69679.0,118117.99999999999,slow_start,slow_start_growth,0.05660231145593528,143.0,738698316.4179105,872204.0207900001,325680,167560,cwnd: 68499 -> 69679
0.19211697578430176,70859.0,118117.99999999999,slow_start,slow_start_growth,0.0563211764861175,143.0,738698316.4179105,878319.0517711036,325680,168740,cwnd: 69679 -> 70859
0.1921224594116211,72039.0,118117.99999999999,slow_start,slow_start_growth,0.056004082667350075,143.0,738698316.4179105,884435.8984388573,325680,169920,cwnd: 70859 -> 72039
0.19212794303894043,73219.0,118117.99999999999,slow_start,slow_start_growth,0.0556728902538631,143.0,738698316.4179105,890552.3959381667,325680,171100,cwnd: 72039 -> 73219
0.19213390350341797,74399.0,118117.99999999999,slow_start,slow_start_growth,0.05534290715922185,143.0,738698316.4179105,896666.3189504981,325680,172280,cwnd: 73219 -> 74399
0.1921403408050537,75579.0,118117.99999999999,slow_start,slow_start_growth,0.05502548251499703,143.0,738698316.4179105,902777.62219644,325680,173460,cwnd: 74399 -> 75579
0.19214653968811035,76759.0,118117.99999999999,slow_start,slow_start_growth,0.054726636106503454,143.0,738698316.4179105,908889.643724385,325680,174640,cwnd: 75579 -> 76759
0.19216060638427734,77939.0,118117.99999999999,slow_start,slow_start_growth,0.054457255483809655,143.0,738698316.4179105,914963.8071416165,325680,175820,cwnd: 76759 -> 77939
0.19216656684875488,79119.0,118117.99999999999,slow_start,slow_start_growth,0.05420849227129428,143.0,738698316.4179105,921075.933772123,325680,177000,cwnd: 77939 -> 79119
0.23389863967895508,80299.0,118117.99999999999,slow_start,slow_start_growth,0.056838377788805544,143.0,738698316.4179105,761782.9682317373,325680,178180,cwnd: 79119 -> 80299
0.23391199111938477,81479.0,118117.99999999999,slow_start,slow_start_growth,0.058262980140480966,143.0,738698316.4179105,766784.1188545894,325680,179360,cwnd: 80299 -> 81479
0.2339181900024414,82659.0,118117.99999999999,slow_start,slow_start_growth,0.05887055167922534,143.0,738698316.4179105,771808.2975852186,325680,180540,cwnd: 81479 -> 82659
0.23392486572265625,83839.0,118117.99999999999,slow_start,slow_start_growth,0.0589211719970547,143.0,738698316.4179105,776830.6265288151,325680,181720,cwnd: 82659 -> 83839
0.2339310646057129,85019.0,118117.99999999999,slow_start,slow_start_growth,0.05860528488593236,143.0,738698316.4179105,781854.262529327,325680,182900,cwnd: 83839 -> 85019
0.23393654823303223,86199.0,118117.99999999999,slow_start,slow_start_growth,0.058059098924071115,143.0,738698316.4179105,786880.0381573194,325680,184080,cwnd: 85019 -> 86199
0.23394298553466797,87379.0,118117.99999999999,slow_start,slow_start_growth,0.05737919037942808,143.0,738698316.4179105,791902.3499533238,325680,185260,cwnd: 86199 -> 87379
0.2339484691619873,88559.0,118117.99999999999,slow_start,slow_start_growth,0.056633108807981454,143.0,738698316.4179105,796927.6339692902,325680,186440,cwnd: 87379 -> 88559
0.23395347595214844,89739.0,118117.99999999999,slow_start,slow_start_growth,0.055867244062348935,143.0,738698316.4179105,801954.3169274167,325680,187620,cwnd: 88559 -> 89739
0.23395848274230957,90919.0,118117.99999999999,slow_start,slow_start_growth,0.05511306748943704,143.0,738698316.4179105,806980.7847401337,325680,188800,cwnd: 89739 -> 90919
0.2339637279510498,92099.0,118117.99999999999,slow_start,slow_start_growth,0.05439021870474371,143.0,738698316.4179105,812006.2099529713,325680,189980,cwnd: 90919 -> 92099
0.23396873474121094,93279.0,118117.99999999999,slow_start,slow_start_growth,0.053709772747530804,143.0,738698316.4179105,817032.2424123847,325680,191160,cwnd: 92099 -> 93279
0.23397397994995117,94459.0,118117.99999999999,slow_start,slow_start_growth,0.053078954023817786,143.0,738698316.4179105,822057.2220942816,325680,192340,cwnd: 93279 -> 94459
0.2358391284942627,95639.0,118117.99999999999,slow_start,slow_start_growth,0.05331751310216473,143.0,738698316.4179105,820559.3415967351,325680,193520,cwnd: 94459 -> 95639
0.23585009574890137,96819.0,118117.99999999999,slow_start,slow_start_growth,0.05337917795729492,143.0,738698316.4179105,825524.3627600137,325680,194700,cwnd: 95639 -> 96819
0.2358565330505371,97999.0,118117.99999999999,slow_start,slow_start_growth,0.053314156475901466,143.0,738698316.4179105,830504.8728840116,325680,195880,cwnd: 96819 -> 97999
0.23586273193359375,99179.0,118117.99999999999,slow_start,slow_start_growth,0.05316500407173558,143.0,738698316.4179105,835485.9556849425,325680,197060,cwnd: 97999 -> 99179
0.23586773872375488,100359.0,118117.99999999999,slow_start,slow_start_growth,0.052965942512061805,143.0,738698316.4179105,840471.0244505969,325680,198240,cwnd: 99179 -> 100359
0.23587346076965332,101539.0,118117.99999999999,slow_start,slow_start_growth,0.0527410043939183,143.0,738698316.4179105,845453.3178480277,325680,199420,cwnd: 100359 -> 101539
0.23587870597839355,102719.0,118117.99999999999,slow_start,slow_start_growth,0.05250490710641433,143.0,738698316.4179105,850437.0887059849,325680,200600,cwnd: 101539 -> 102719
0.2358839511871338,103899.0,118117.99999999999,slow_start,slow_start_growth,0.05226869329089831,143.0,738698316.4179105,855420.6379217461,325680,201780,cwnd: 102719 -> 103899
0.23588919639587402,105079.0,118117.99999999999,slow_start,slow_start_growth,0.05204094697618239,143.0,738698316.4179105,860403.9655100966,325680,202960,cwnd: 103899 -> 105079
0.23589420318603516,106259.0,118117.99999999999,slow_start,slow_start_growth,0.051825725519589465,143.0,738698316.4179105,865387.9461336632,325680,204140,cwnd: 105079 -> 106259
0.2358994483947754,107439.0,118117.99999999999,slow_start,slow_start_growth,0.051624756267662775,143.0,738698316.4179105,870370.8355281908,325680,205320,cwnd: 106259 -> 107439
0.23590469360351562,108619.0,118117.99999999999,slow_start,slow_start_growth,0.05144058260474413,143.0,738698316.4179105,875353.5033392087,325680,206500,cwnd: 107439 -> 108619
0.23590993881225586,109799.0,118117.99999999999,slow_start,slow_start_growth,0.05127276924156478,143.0,738698316.4179105,880335.9495814965,325680,207680,cwnd: 108619 -> 109799
0.235914945602417,110979.0,118117.99999999999,slow_start,slow_start_growth,0.05112130902171856,143.0,738698316.4179105,885319.0689833947,325680,208860,cwnd: 109799 -> 110979
0.23591995239257812,112159.0,118117.99999999999,slow_start,slow_start_growth,0.050984620780059386,143.0,738698316.4179105,890301.9768776781,325680,210040,cwnd: 110979 -> 112159
0.23592567443847656,113339.0,118117.99999999999,slow_start,slow_start_growth,0.05086332866811191,143.0,738698316.4179105,895281.9590437616,325680,211220,cwnd: 112159 -> 113339
0.2359311580657959,114519.0,118117.99999999999,slow_start,slow_start_growth,0.050755252641951784,143.0,738698316.4179105,900262.609403911,325680,212400,cwnd: 113339 -> 114519
0.23593640327453613,115699.0,118117.99999999999,slow_start,slow_start_growth,0.05065986779783844,143.0,738698316.4179105,905243.9430106842,325680,213580,cwnd: 114519 -> 115699
0.23594141006469727,116879.0,118117.99999999999,slow_start,slow_start_growth,0.050574838644005436,143.0,738698316.4179105,910225.9749194128,325680,214760,cwnd: 115699 -> 116879
0.2359461784362793,118059.0,118117.99999999999,slow_start,slow_start_growth,0.050499620200844836,143.0,738698316.4179105,915208.7201883532,325680,215940,cwnd: 116879 -> 118059
0.23595118522644043,119239.0,118117.99999999999,congestion_avoidance,slow_start_growth,0.05043301924955804,143.0,738698316.4179105,920190.3342491444,325680,217120,cwnd: 118059 -> 119239
0.23595762252807617,119239.0,118117.99999999999,congestion_avoidance,epoch_start,0.050375048876712784,143.0,738698316.4179105,925166.1279729366,325680,218300,"W_max=143.00, K=4.75s"
0.23902440071105957,119553.88907691115,118117.99999999999,congestion_avoidance,periodic,0.0508104665848662,143.0,12532992.453785768,1041650.9747930509,354000,248980,
0.2409520149230957,41843.8611769189,83687.7223538378,slow_start,congestion,0.0508104665848662,101.3168551499247,596298640.9638554,1033317.7752402966,369340,248980,"cwnd: 119554 -> 41844, ssthresh: 83688"
0.24095678329467773,41843.8611769189,83687.7223538378,slow_start,timeout,0.0508104665848662,101.3168551499247,596298640.9638554,1033297.3265812164,369340,248980,"seq=248980, rto=0.051s"
0.24185800552368164,43023.8611769189,83687.7223538378,slow_start,slow_start_growth,0.09145883985275917,101.3168551499247,596298640.9638554,1034325.9031609994,369340,250160,cwnd: 41844 -> 43024
0.2418680191040039,44203.8611769189,83687.7223538378,slow_start,slow_start_growth,0.053644039877057466,101.3168551499247,596298640.9638554,1039161.7748021623,369340,251340,cwnd: 43024 -> 44204
0.24187469482421875,45383.8611769189,83687.7223538378,slow_start,slow_start_growth,0.05547843847927377,101.3168551499247,596298640.9638554,1044011.6531558528,369340,252520,cwnd: 44204 -> 45384
0.24187994003295898,46563.8611769189,83687.7223538378,slow_start,slow_start_growth,0.05659785168275836,101.3168551499247,596298640.9638554,1048867.4669153234,369340,253700,cwnd: 45384 -> 46564
0.24188518524169922,47743.8611769189,83687.7223538378,slow_start,slow_start_growth,0.05721159884075819,101.3168551499247,596298640.9638554,1053723.0700810219,369340,254880,cwnd: 46564 -> 47744
0.24189019203186035,48923.8611769189,83687.7223538378,slow_start,slow_start_growth,0.05747575356919574,101.3168551499247,596298640.9638554,1058579.5060523713,369340,256060,cwnd: 47744 -> 48924
0.24189543724060059,50103.8611769189,83687.7223538378,slow_start,slow_start_growth,0.05750101898583208,101.3168551499247,596298640.9638554,1063434.692834396,369340,257240,cwnd: 48924 -> 50104
0.24190020561218262,51283.8611769189,83687.7223538378,slow_start,slow_start_growth,0.057369349596099135,101.3168551499247,596298640.9638554,1068291.7748912629,369340,258420,cwnd: 50104 -> 51284
0.24190545082092285,52463.8611769189,83687.7223538378,slow_start,slow_start_growth,0.05713864249534237,101.3168551499247,596298640.9638554,1073146.5501047184,369340,259600,cwnd: 51284 -> 52464
0.24191021919250488,53643.8611769189,83687.7223538378,slow_start,slow_start_growth,0.05685051657207411,101.3168551499247,596298640.9638554,1078003.2396749603,369340,260780,cwnd: 52464 -> 53644
0.24195599555969238,54823.8611769189,83687.7223538378,slow_start,slow_start_growth,0.056579683563917835,101.3168551499247,596298640.9638554,1082676.2089281334,369340,261960,cwnd: 53644 -> 54824
0.24196100234985352,56003.8611769189,83687.7223538378,slow_start,slow_start_growth,0.056283906925162976,101.3168551499247,596298640.9638554,1087530.624540576,369340,263140,cwnd: 54824 -> 56004
0.24196553230285645,57183.8611769189,83687.7223538378,slow_start,slow_start_growth,0.055981100906336644,101.3168551499247,596298640.9638554,1092386.9920000157,369340,264320,cwnd: 56004 -> 57184
0.24197030067443848,58363.8611769189,83687.7223538378,slow_start,slow_start_growth,0.055683509623375975,101.3168551499247,596298640.9638554,1097242.0964886092,369340,265500,cwnd: 57184 -> 58364
0.2419753074645996,59543.8611769189,83687.7223538378,slow_start,slow_start_growth,0.055397939883843554,101.3168551499247,596298640.9638554,1102095.9237297988,369340,266680,cwnd: 58364 -> 59544
0.2428436279296875,60723.8611769189,83687.7223538378,slow_start,slow_start_growth,0.05609512875919571,101.3168551499247,596298640.9638554,1103014.3235940936,369340,267860,cwnd: 59544 -> 60724
0.24285340309143066,61903.8611769189,83687.7223538378,slow_start,slow_start_growth,0.05648724269012394,101.3168551499247,596298640.9638554,1107828.8242010365,369340,269040,cwnd: 60724 -> 61904
0.2428591251373291,63083.8611769189,83687.7223538378,slow_start,slow_start_growth,0.05665949920189971,101.3168551499247,596298640.9638554,1112661.5063247024,369340,270220,cwnd: 61904 -> 63084
0.24286508560180664,64263.8611769189,83687.7223538378,slow_start,slow_start_growth,0.05668037763282641,101.3168551499247,596298640.9638554,1117492.8636921416,369340,271400,cwnd: 63084 -> 64264
0.24287009239196777,65443.8611769189,83687.7223538378,slow_start,slow_start_growth,0.05660190994774138,101.3168551499247,596298640.9638554,1122328.390932892,369340,272580,cwnd: 64264 -> 65444
0.242875337600708,66623.8611769189,83687.7223538378,slow_start,slow_start_growth,0.056459752265446736,101.3168551499247,596298640.9638554,1127162.6123277573,369340,273760,cwnd: 65444 -> 66624
0.24287986755371094,67803.8611769189,83687.7223538378,slow_start,slow_start_growth,0.056280337307602755,101.3168551499247,596298640.9638554,1131999.9585358766,369340,274940,cwnd: 66624 -> 67804
0.24288487434387207,68983.8611769189,83687.7223538378,slow_start,slow_start_growth,0.05608190761675842,101.3168551499247,596298640.9638554,1136834.892439923,369340,276120,cwnd: 67804 -> 68984
0.2428896427154541,70163.8611769189,83687.7223538378,slow_start,slow_start_growth,0.05587755806309014,101.3168551499247,596298640.9638554,1141670.7476689639,369340,277300,cwnd: 68984 -> 70164
0.24289488792419434,71343.8611769189,83687.7223538378,slow_start,slow_start_growth,0.05567634282234653,101.3168551499247,596298640.9638554,1146504.1622733185,369340,278480,cwnd: 70164 -> 71344
0.24289965629577637,72523.8611769189,83687.7223538378,slow_start,slow_start_growth,0.055483047767638925,101.3168551499247,596298640.9638554,1151339.62832562,369340,279660,cwnd: 71344 -> 72524
0.2438960075378418,73703.8611769189,83687.7223538378,slow_start,slow_start_growth,0.05641339974150079,101.3168551499247,596298640.9638554,1151474.3633367026,369340,280840,cwnd: 72524 -> 73704
0.24390244483947754,74883.8611769189,83687.7223538378,slow_start,slow_start_growth,0.056975581891712236,101.3168551499247,596298640.9638554,1156281.9724320895,369340,282020,cwnd: 73704 -> 74884
0.24390721321105957,76063.8611769189,83687.7223538378,slow_start,slow_start_growth,0.057273987394730684,101.3168551499247,596298640.9638554,1161097.2724900076,369340,283200,cwnd: 74884 -> 76064
0.2439119815826416,77243.8611769189,83687.7223538378,slow_start,slow_start_growth,0.05738952471680419,101.3168551499247,596298640.9638554,1165912.384273944,369340,284380,cwnd: 76064 -> 77244
0.24391651153564453,78423.8611769189,83687.7223538378,slow_start,slow_start_growth,0.05737857578028796,101.3168551499247,596298640.9638554,1170728.4521337948,369340,285560,cwnd: 77244 -> 78424
0.24392127990722656,79603.8611769189,83687.7223538378,slow_start,slow_start_growth,0.05728818104165622,101.3168551499247,596298640.9638554,1175543.1920866403,369340,286740,cwnd: 78424 -> 79604
0.2439258098602295,80783.8611769189,83687.7223538378,slow_start,slow_start_growth,0.057135153192861124,101.3168551499247,596298640.9638554,1180358.8975064973,369340,287920,cwnd: 79604 -> 80784
0.24393033981323242,81963.8611769189,83687.7223538378,slow_start,slow_start_growth,0.05695705486249752,101.3168551499247,596298640.9638554,1185174.4240644774,369340,289100,cwnd: 80784 -> 81964
0.24393534660339355,83143.8611769189,83687.7223538378,slow_start,slow_start_growth,0.05676998440064185,101.3168551499247,596298640.9638554,1189987.445615894,369340,290280,cwnd: 81964 -> 83144
0.24394011497497559,84323.8611769189,83687.7223538378,congestion_avoidance,slow_start_growth,0.05658054734828127,101.3168551499247,596298640.9638554,1194801.4373523567,369340,291460,cwnd: 83144 -> 84324
0.24394536018371582,84323.8611769189,83687.7223538378,congestion_avoidance,epoch_start,0.05639844991044628,101.3168551499247,596298640.9638554,1199612.89601742,369340,292640,"W_max=101.32, K=4.24s"
0.3708629608154297,87165.93213174993,83687.7223538378,congestion_avoidance,periodic,0.05,101.3168551499247,6296792.264631043,1342706.2085281245,584100,497960,
0.4729313850402832,90673.86540355206,83687.7223538378,congestion_avoidance,periodic,0.05,101.3168551499247,668821448.6486486,1611819.439589679,833080,762280,
0.5899949073791504,93113.58461452083,83687.7223538378,congestion_avoidance,periodic,0.05,101.3168551499247,738698316.4179105,1614013.9314593202,1038400,952260,
0.6900172233581543,95825.79413295204,83687.7223538378,congestion_avoidance,periodic,0.05,101.3168551499247,677983386.3013699,1694711.3208405117,1264960,1169380,
0.8080542087554932,98942.98255959053,83687.7223538378,congestion_avoidance,periodic,0.05,101.3168551499247,11843213.017468294,1765500.364384188,1522200,1426620,
0.9089212417602539,101882.9336593861,83687.7223538378,congestion_avoidance,periodic,0.05,101.3168551499247,717286771.0144928,1844802.302950561,1753480,1676780,
1.0109803676605225,104780.26158504383,83687.7223538378,congestion_avoidance,periodic,0.05,101.3168551499247,12004071.598350715,1909512.8468886714,2016620,1930480,
1.117978572845459,107223.63599714446,83687.7223538378,congestion_avoidance,periodic,0.05,101.3168551499247,5738294.168115942,1923078.0018689986,2249080,2149960,
1.2181119918823242,110005.66069544428,83687.7223538378,congestion_avoidance,periodic,0.05,101.3168551499247,21537331.244560488,1975204.2636753172,2511040,2406020,
1.319859504699707,112891.85200047545,83687.7223538378,congestion_avoidance,periodic,0.05,101.3168551499247,12367013.293353323,2029458.43134223,2784800,2678600,
1.4219677448272705,115453.0618326359,83687.7223538378,congestion_avoidance,periodic,0.05,101.3168551499247,12118704.01567091,2057993.2355325515,3033780,2926400,
1.5221638679504395,118194.5267966466,83687.7223538378,congestion_avoidance,periodic,0.05,101.3168551499247,677983386.3013699,2100825.0605145213,3315800,3197800,
1.6228864192962646,121069.50578024903,83687.7223538378,congestion_avoidance,periodic,0.05,101.3168551499247,2385884.4581565754,2150033.3963685855,3597820,3489260,
1.728304386138916,123652.75665449996,83687.7223538378,congestion_avoidance,periodic,0.05,101.3168551499247,5800162.568850346,2173876.332278204,3876300,3757120,
1.8288710117340088,126425.67108486909,83687.7223538378,congestion_avoidance,periodic,0.05,101.3168551499247,3627705.577952063,2214994.9198216987,4170120,4050940,
1.929222583770752,129246.8345457438,83687.7223538378,congestion_avoidance,periodic,0.05,101.3168551499247,3283757.1125265392,2258194.5891826064,4485180,4356560,
2.031853199005127,131954.96320711577,83687.7223538378,congestion_avoidance,periodic,0.05,101.3168551499247,3841712.8929597144,2291641.936671356,4787260,4656280,
2.1320087909698486,134805.01727953675,83687.7223538378,congestion_avoidance,periodic,0.05,101.3168551499247,5996945.013934327,2335084.180274567,5112940,4978420,
2.2322652339935303,137596.04734309347,83687.7223538378,congestion_avoidance,periodic,0.05,101.3168551499247,3970859.0500641847,2374520.697308572,5437440,5300560,
2.353374719619751,140291.87668557125,83687.7223538378,congestion_avoidance,periodic,0.07577120970857912,101.3168551499247,2295370.893238104,2387201.6441596393,5720640,5617980,
2.4018309116363525,49136.89441788484,98273.78883576968,slow_start,congestion,0.07594332422122999,118.97553127817153,81671266.00660066,2343953.5117667653,5770200,5629780,"cwnd: 140391 -> 49137, ssthresh: 98274"
2.4018430709838867,49136.89441788484,98273.78883576968,slow_start,timeout,0.07594332422122999,118.97553127817153,81671266.00660066,2343941.6454855343,5770200,5629780,"seq=5629780, rto=0.076s"
2.417534589767456,50316.89441788484,98273.78883576968,slow_start,slow_start_growth,0.13669798359821397,118.97553127817153,81671266.00660066,2329215.897813336,5770200,5630960,cwnd: 49137 -> 50317
2.418734312057495,51496.89441788484,98273.78883576968,slow_start,slow_start_growth,0.13943006066644725,118.97553127817153,81671266.00660066,2328548.436231106,5770200,5632140,cwnd: 50317 -> 51497
2.423888683319092,52676.89441788484,98273.78883576968,slow_start,slow_start_growth,0.18556964413360302,118.97553127817153,81671266.00660066,2324083.6259386935,5770200,5633320,cwnd: 51497 -> 52677
2.42390513420105,53856.89441788484,98273.78883576968,slow_start,slow_start_growth,0.21410795860066795,118.97553127817153,81671266.00660066,2324554.6702706264,5770200,5634500,cwnd: 52677 -> 53857
2.423912286758423,55036.89441788484,98273.78883576968,slow_start,slow_start_growth,0.2301514415434072,118.97553127817153,81671266.00660066,2325034.627196341,5770200,5635680,cwnd: 53857 -> 55037
2.4265594482421875,56216.89441788484,98273.78883576968,slow_start,slow_start_growth,0.23965166215824762,118.97553127817153,81671266.00660066,2322984.505524219,5770200,5636860,cwnd: 55037 -> 56217
2.4266161918640137,57396.89441788484,98273.78883576968,slow_start,slow_start_growth,0.24257950306643877,118.97553127817153,81671266.00660066,2323416.4590606806,5770200,5638040,cwnd: 56217 -> 57397
2.4266574382781982,58576.89441788484,98273.78883576968,slow_start,slow_start_growth,0.2410319516986702,118.97553127817153,81671266.00660066,2323863.233040932,5770200,5639220,cwnd: 57397 -> 58577
2.4266769886016846,59756.89441788484,98273.78883576968,slow_start,slow_start_growth,0.2350442687759618,118.97553127817153,81671266.00660066,2324330.772695936,5770200,5640400,cwnd: 58577 -> 59757
2.427363157272339,60936.89441788484,98273.78883576968,slow_start,slow_start_growth,0.22840663944724535,118.97553127817153,81671266.00660066,2324159.853501081,5770200,5641580,cwnd: 59757 -> 60937
2.42850399017334,62116.89441788484,98273.78883576968,slow_start,slow_start_growth,0.2222527145232357,118.97553127817153,81671266.00660066,2323553.933958015,5770200,5642760,cwnd: 60937 -> 62117
2.4285149574279785,63296.89441788484,98273.78883576968,slow_start,slow_start_growth,0.2149467234700299,118.97553127817153,81671266.00660066,2324029.3343622037,5770200,5643940,cwnd: 62117 -> 63297
2.429377555847168,64476.89441788484,98273.78883576968,slow_start,slow_start_growth,0.20839926947420478,118.97553127817153,81671266.00660066,2323689.863032197,5770200,5645120,cwnd: 63297 -> 64477
2.4293856620788574,65656.89441788485,98273.78883576968,slow_start,slow_start_growth,0.2017074325230731,118.97553127817153,81671266.00660066,2324167.828984545,5770200,5646300,cwnd: 64477 -> 65657
2.4293954372406006,66836.89441788485,98273.78883576968,slow_start,slow_start_growth,0.1944781203164,118.97553127817153,81671266.00660066,2324644.194777373,5770200,5647480,cwnd: 65657 -> 66837
2.431851387023926,68016.89441788485,98273.78883576968,slow_start,slow_start_growth,0.19050191716404735,118.97553127817153,81671266.00660066,2322781.7415737608,5770200,5648660,cwnd: 66837 -> 68017
2.4318654537200928,69196.89441788485,98273.78883576968,slow_start,slow_start_growth,0.18542619085097745,118.97553127817153,81671266.00660066,2323253.5300656874,5770200,5649840,cwnd: 68017 -> 69197
2.4318714141845703,70376.89441788485,98273.78883576968,slow_start,slow_start_growth,0.18045173072060539,118.97553127817153,81671266.00660066,2323733.05884466,5770200,5651020,cwnd: 69197 -> 70377
2.432990074157715,71556.89441788485,98273.78883576968,slow_start,slow_start_growth,0.17634240192579656,118.97553127817153,81671266.00660066,2323149.6338745872,5770200,5652200,cwnd: 70377 -> 71557
2.4337568283081055,72736.89441788485,98273.78883576968,slow_start,slow_start_growth,0.17312388596346412,118.97553127817153,81671266.00660066,2322902.5736026824,5770200,5653380,cwnd: 71557 -> 72737
2.4337692260742188,73916.89441788485,98273.78883576968,slow_start,slow_start_growth,0.16899705162110007,118.97553127817153,81671266.00660066,2323375.5852526184,5770200,5654560,cwnd: 72737 -> 73917
2.4337897300720215,75096.89441788485,98273.78883576968,slow_start,slow_start_growth,0.16519478815868777,118.97553127817153,81671266.00660066,2323840.8520331103,5770200,5655740,cwnd: 73917 -> 75097
2.4348037242889404,76276.89441788485,98273.78883576968,slow_start,slow_start_growth,0.16159316269687407,118.97553127817153,81671266.00660066,2323357.7078793263,5770200,5656920,cwnd: 75097 -> 76277
2.4361000061035156,77456.89441788485,98273.78883576968,slow_start,slow_start_growth,0.15980009552192623,118.97553127817153,81671266.00660066,2322605.798540265,5770200,5658100,cwnd: 76277 -> 77457
2.4375908374786377,78636.89441788485,98273.78883576968,slow_start,slow_start_growth,0.1595049018411392,118.97553127817153,81671266.00660066,2321669.3765774774,5770200,5659280,cwnd: 77457 -> 78637
2.4388856887817383,79816.89441788485,98273.78883576968,slow_start,slow_start_growth,0.15894257060744407,118.97553127817153,81671266.00660066,2320920.58518228,5770200,5660460,cwnd: 78637 -> 79817
2.4389150142669678,80996.89441788485,98273.78883576968,slow_start,slow_start_growth,0.1579168952907814,118.97553127817153,81671266.00660066,2321376.5001572403,5770200,5661640,cwnd: 79817 -> 80997
2.438932418823242,82176.89441788485,98273.78883576968,slow_start,slow_start_growth,0.15659182188962334,118.97553127817153,81671266.00660066,2321843.752740081,5770200,5662820,cwnd: 80997 -> 82177
2.4395265579223633,83356.89441788485,98273.78883576968,slow_start,slow_start_growth,0.1549609219915031,118.97553127817153,81671266.00660066,2321761.9753333526,5770200,5664000,cwnd: 82177 -> 83357
2.439542531967163,84536.89441788485,98273.78883576968,slow_start,slow_start_growth,0.15298000256896127,118.97553127817153,81671266.00660066,2322230.4697560626,5770200,5665180,cwnd: 83357 -> 84537
2.439549207687378,85716.89441788485,98273.78883576968,slow_start,slow_start_growth,0.1511547386209264,118.97553127817153,81671266.00660066,2322707.8109941245,5770200,5666360,cwnd: 84537 -> 85717
2.4403634071350098,86896.89441788485,98273.78883576968,slow_start,slow_start_growth,0.14942438691760318,118.97553127817153,81671266.00660066,2322416.4005367137,5770200,5667540,cwnd: 85717 -> 86897
2.4403722286224365,88076.89441788485,98273.78883576968,slow_start,slow_start_growth,0.1478768316927836,118.97553127817153,81671266.00660066,2322891.538230596,5770200,5668720,cwnd: 86897 -> 88077
2.4403786659240723,89256.89441788485,98273.78883576968,slow_start,slow_start_growth,0.1459774503745446,118.97553127817153,81671266.00660066,2323368.942357574,5770200,5669900,cwnd: 88077 -> 89257
2.4413304328918457,90436.89441788485,98273.78883576968,slow_start,slow_start_growth,0.14546835190516302,118.97553127817153,81671266.00660066,2322946.506377835,5770200,5671080,cwnd: 89257 -> 90437
2.4413390159606934,91616.89441788485,98273.78883576968,slow_start,slow_start_growth,0.14366615272812008,118.97553127817153,81671266.00660066,2323421.680854883,5770200,5672260,cwnd: 90437 -> 91617
2.441847085952759,92796.89441788485,98273.78883576968,slow_start,slow_start_growth,0.1427877448131046,118.97553127817153,81671266.00660066,2323421.4921309617,5770200,5673440,cwnd: 91617 -> 92797
2.44185471534729,93976.89441788485,98273.78883576968,slow_start,slow_start_growth,0.1410844697011627,118.97553127817153,81671266.00660066,2323897.4720053864,5770200,5674620,cwnd: 92797 -> 93977
2.4418601989746094,95156.89441788485,98273.78883576968,slow_start,slow_start_growth,0.13977915568539462,118.97553127817153,81671266.00660066,2324375.491432062,5770200,5675800,cwnd: 93977 -> 95157
2.442615270614624,96336.89441788485,98273.78883576968,slow_start,slow_start_growth,0.13863643958906152,118.97553127817153,140985.41001398666,2324140.059343659,5771380,5676980,cwnd: 95157 -> 96337
2.442833423614502,97516.89441788485,98273.78883576968,slow_start,slow_start_growth,0.13787472531037245,118.97553127817153,139947.70904731203,2324415.551674578,5773740,5678160,cwnd: 96337 -> 97517
2.443681478500366,98696.89441788485,98273.78883576968,congestion_avoidance,slow_start_growth,0.1382339729498988,118.97553127817153,139592.8574450502,2324091.7648094166,5776100,5679340,cwnd: 97517 -> 98697
2.4444165229797363,98696.89441788485,98273.78883576968,congestion_avoidance,epoch_start,0.13921409209154392,118.97553127817153,138220.98248945738,2323875.6351865367,5778460,5680520,"W_max=118.98, K=4.47s"
2.4535560607910156,99077.10089472424,98273.78883576968,congestion_avoidance,periodic,0.14169179371606572,118.97553127817153,5385504.59194777,2327723.4587249393,5807960,5711200,
2.5560343265533447,101985.88243006577,98273.78883576968,congestion_avoidance,periodic,0.05,118.97553127817153,4861289.382182497,2331345.842305391,6058120,5959000,
2.656942129135132,104574.55101015969,98273.78883576968,congestion_avoidance,periodic,0.05013786719621164,118.97553127817153,2123242.694122694,2328074.7940164874,6288220,6185560,
2.757770538330078,107347.40779617315,98273.78883576968,congestion_avoidance,periodic,0.05,118.97553127817153,3747750.0530062094,2333239.8075063666,6540740,6434540,
2.857828140258789,110126.30543608872,98273.78883576968,congestion_avoidance,periodic,0.05,118.97553127817153,2591652.4689741842,2341148.4776667277,6800340,6690600,
2.958867073059082,112873.79440327238,98273.78883576968,congestion_avoidance,periodic,0.05,118.97553127817153,3415179.90615512,2348939.586804216,7062300,6950200,
3.059566020965576,115628.24973809427,98273.78883576968,congestion_avoidance,periodic,0.05,118.97553127817153,2505963.9088607593,2358792.0478089266,7330160,7216880,
3.159696340560913,118353.89212257847,98273.78883576968,congestion_avoidance,periodic,0.05,118.97553127817153,3286373.652058433,2369563.145637875,7605100,7487100,
3.2597873210906982,121064.17186005117,98273.78883576968,congestion_avoidance,periodic,0.05,118.97553127817153,3094653.110735947,2381149.208655393,7882400,7762040,
3.359830141067505,123681.31422912661,98273.78883576968,congestion_avoidance,periodic,0.05,118.97553127817153,2855572.7671359335,2391025.636030388,8154980,8033440,
3.459914207458496,126089.69483468463,98273.78883576968,congestion_avoidance,periodic,0.05072654412282822,118.97553127817153,2748377.7876499332,2395527.6064744517,8412220,8288320,
3.56034779548645,128398.71281273576,98273.78883576968,congestion_avoidance,periodic,0.05339768816733283,118.97553127817153,2735466.047642735,2397883.7154120076,8664740,8537300,
3.660810708999634,130624.29792605664,98273.78883576968,congestion_avoidance,periodic,0.05425088623953368,118.97553127817153,2642575.0013348283,2398801.9862408238,8911360,8781560,
3.761688232421875,132739.17874071782,98273.78883576968,congestion_avoidance,periodic,0.058454165528978606,118.97553127817153,2390493.972179289,2397210.8911838913,9148540,9017560,
3.861741304397583,134738.2350590423,98273.78883576968,congestion_avoidance,periodic,0.059366118869469964,118.97553127817153,2570119.29168614,2393769.87512685,9378640,9244120,
3.9620933532714844,136718.24567466186,98273.78883576968,congestion_avoidance,periodic,0.06238574908342839,118.97553127817153,2450259.2801623843,2390620.0978780887,9606380,9471860,
4.062756538391113,138629.81365669056,98273.78883576968,congestion_avoidance,periodic,0.06262900971359874,118.97553127817153,2647947.5255470546,2386281.31131856,9831760,9694880,
4.162762403488159,140485.64605928792,98273.78883576968,congestion_avoidance,periodic,0.06547838165369908,118.97553127817153,2800474.5770384204,2381678.0875344523,10054780,9914360,
4.262819051742554,142268.34892941703,98273.78883576968,congestion_avoidance,periodic,0.06872488909653737,118.97553127817153,2098218.890961506,2375878.468465581,10269540,10127940,
4.3636510372161865,143912.92614296774,98273.78883576968,congestion_avoidance,periodic,0.07387236750576016,118.97553127817153,2206347.503566334,2366678.7082471177,10468960,10327360,
4.463847875595093,145510.2143515806,98273.78883576968,congestion_avoidance,periodic,0.07508907690604784,118.97553127817153,2419830.2058377746,2357436.9676737934,10668380,10523240,
4.564310550689697,147137.4831456861,98273.78883576968,congestion_avoidance,periodic,0.07332739960920659,118.97553127817153,2111016.7285135426,2349756.8539413647,10871340,10725020,
4.664817810058594,148700.13662569452,98273.78883576968,congestion_avoidance,periodic,0.07887974490638379,118.97553127817153,2929780.8086189544,2341120.370543008,11069580,10920900,
4.764859676361084,150237.27001884964,98273.78883576968,congestion_avoidance,periodic,0.07826946123427722,118.97553127817153,2108857.9487835015,2332828.4052404594,11265460,11115600,
4.865549802780151,151740.48153434636,98273.78883576968,congestion_avoidance,periodic,0.08142976412178551,118.97553127817153,1975050.3691288559,2324082.6747963196,11458980,11307940,
4.966312408447266,153183.50264249629,98273.78883576968,congestion_avoidance,periodic,0.08400472408465116,118.97553127817153,2081277.8469301935,2314469.7825390645,11646600,11494380,
5.066831588745117,154577.02705032474,98273.78883576968,congestion_avoidance,periodic,0.08809230163314453,118.97553127817153,2280038.107522919,2304418.4112880244,11828320,11676100,
5.168184518814087,155940.2426490005,98273.78883576968,congestion_avoidance,periodic,0.0893369353435085,118.97553127817153,2224294.962024179,2293931.255132586,12010040,11855460,
5.268800258636475,157291.64329139984,98273.78883576968,congestion_avoidance,periodic,0.09019025682287203,118.97553127817153,1966496.630642085,2284167.060664873,12189400,12034820,
5.3688976764678955,158613.97436131942,98273.78883576968,congestion_avoidance,periodic,0.09068902837710502,118.97553127817153,1849575.365297657,2274548.8433361137,12368760,12211820,
5.4689040184021,159873.12227210845,98273.78883576968,congestion_avoidance,periodic,0.09522119265421251,118.97553127817153,1721248.7723447173,2264025.8374140724,12538680,12381740,
5.5697431564331055,161113.7870856074,98273.78883576968,congestion_avoidance,periodic,0.09665961706680584,118.97553127817153,1675279.6669261754,2253331.912712003,12710960,12550480,
5.670506954193115,162276.3396198936,98273.78883576968,congestion_avoidance,periodic,0.10402327983529279,118.97553127817153,1710836.434028138,2241383.3723634924,12870260,12709780,
5.770847320556641,163405.06005647226,98273.78883576968,congestion_avoidance,periodic,0.10535967108081279,118.97553127817153,1664462.32386077,2229402.249851764,13028380,12865540,
5.871281623840332,164559.88654031162,98273.78883576968,congestion_avoidance,periodic,0.10398917551747368,118.97553127817153,1759993.8551260624,2218599.07845467,13190040,13026020,
5.971668720245361,165740.2733509225,98273.78883576968,congestion_avoidance,periodic,0.10096191895796075,118.97553127817153,1820725.7182798071,2208967.1443559257,13356420,13191220,
6.072439908981323,166887.28355879267,98273.78883576968,congestion_avoidance,periodic,0.10455647826356394,118.97553127817153,1743317.6188798873,2198931.599183169,13519260,13352880,
6.1725077629089355,167960.1546098044,98273.78883576968,congestion_avoidance,periodic,0.11095587337752329,118.97553127817153,1651796.7893735608,2187943.7853692407,13672660,13505100,
6.27284574508667,168993.26044265027,98273.78883576968,congestion_avoidance,periodic,0.1156834670482975,118.97553127817153,1679714.4815883252,2176460.342691141,13821340,13652600,
6.373877286911011,170020.0893422213,98273.78883576968,congestion_avoidance,periodic,0.11861035745025116,118.97553127817153,1775525.998206278,2165102.8689145003,13968840,13800100,
6.474744558334351,171057.03468235198,98273.78883576968,congestion_avoidance,periodic,0.11770888032304137,118.97553127817153,1756870.0862589187,2154518.97357765,14118700,13949960,
6.57483172416687,172112.00328729983,98273.78883576968,congestion_avoidance,periodic,0.11309493296765763,118.97553127817153,1680855.398200034,2145052.6175690233,14274460,14103360,
6.675418138504028,173128.3766576935,98273.78883576968,congestion_avoidance,periodic,0.11784489857643152,118.97553127817153,1896929.4852631176,2135003.3367638458,14424320,14252040,
6.776888847351074,174146.81326738122,98273.78883576968,congestion_avoidance,periodic,0.12091667206969137,118.97553127817153,1973396.6188197767,2125149.212920817,14575360,14401900,
6.8778393268585205,175167.27749991624,98273.78883576968,congestion_avoidance,periodic,0.1200584028605544,118.97553127817153,1670811.8020390251,2115917.4136519283,14726400,14552940,
6.926028728485107,61461.377833984516,122922.75566796903,slow_start,congestion,0.1208081998199378,148.8168954818027,1494708.4803092536,2110565.8918046793,14793660,14617840,"cwnd: 175604 -> 61461, ssthresh: 122923"
6.926035642623901,61461.377833984516,122922.75566796903,slow_start,timeout,0.1208081998199378,148.8168954818027,1494708.4803092536,2110563.7848641057,14793660,14617840,"seq=14617840, rto=0.121s"
6.926299333572388,62641.377833984516,122922.75566796903,slow_start,slow_start_growth,0.21745475967588804,148.8168954818027,1494708.4803092536,2110653.798795601,14793660,14619020,cwnd: 61461 -> 62641
6.92631196975708,63821.377833984516,122922.75566796903,slow_start,slow_start_growth,0.12130790953724145,148.8168954818027,1494708.4803092536,2110820.31300891,14793660,14620200,cwnd: 62641 -> 63821
6.927133798599243,65001.377833984516,122922.75566796903,slow_start,slow_start_growth,0.12134717688041198,148.8168954818027,1494708.4803092536,2110740.2318339273,14793660,14621380,cwnd: 63821 -> 65001
6.927144527435303,66181.37783398452,122922.75566796903,slow_start,slow_start_growth,0.12149412455380704,148.8168954818027,1494708.4803092536,2110907.307056554,14793660,14622560,cwnd: 65001 -> 66181
6.927964925765991,67361.37783398452,122922.75566796903,slow_start,slow_start_growth,0.12158275602660333,148.8168954818027,1494708.4803092536,2110827.6610368555,14793660,14623740,cwnd: 66181 -> 67361
6.9297568798065186,68541.37783398452,122922.75566796903,slow_start,slow_start_growth,0.12161644366861234,148.8168954818027,1494708.4803092536,2110452.1058476632,14793660,14624920,cwnd: 67361 -> 68541
6.9298083782196045,69721.37783398452,122922.75566796903,slow_start,slow_start_growth,0.12153650853381714,148.8168954818027,1494708.4803092536,2110606.701040948,14793660,14626100,cwnd: 68541 -> 69721
6.93080735206604,70901.37783398452,122922.75566796903,slow_start,slow_start_growth,0.1218035400668024,148.8168954818027,1494708.4803092536,2110472.742492212,14793660,14627280,cwnd: 69721 -> 70901
6.931344985961914,72081.37783398452,122922.75566796903,slow_start,slow_start_growth,0.1216222034485507,148.8168954818027,1494708.4803092536,2110479.283548444,14793660,14628460,cwnd: 70901 -> 72081
6.932170152664185,73261.37783398452,122922.75566796903,slow_start,slow_start_growth,0.12158996707079035,148.8168954818027,1494708.4803092536,2110398.2847820763,14793660,14629640,cwnd: 72081 -> 73261
6.93301248550415,74441.37783398452,122922.75566796903,slow_start,slow_start_growth,0.1216053071813608,148.8168954818027,1494708.4803092536,2110312.0801514154,14793660,14630820,cwnd: 73261 -> 74441
6.933881759643555,75621.37783398452,122922.75566796903,slow_start,slow_start_growth,0.121414658271685,148.8168954818027,1494708.4803092536,2110217.6972732483,14793660,14632000,cwnd: 74441 -> 75621
6.934688568115234,76801.37783398452,122922.75566796903,slow_start,slow_start_growth,0.12106123617882684,148.8168954818027,1494708.4803092536,2110142.3454373125,14793660,14633180,cwnd: 75621 -> 76801
6.935525894165039,77981.37783398452,122922.75566796903,slow_start,slow_start_growth,0.12087056702368491,148.8168954818027,1494708.4803092536,2110057.7264533183,14793660,14634360,cwnd: 76801 -> 77981
6.936366081237793,79161.37783398452,122922.75566796903,slow_start,slow_start_growth,0.12112981656818946,148.8168954818027,1494708.4803092536,2109972.2576044155,14793660,14635540,cwnd: 77981 -> 79161
6.936373949050903,80341.37783398452,122922.75566796903,slow_start,slow_start_growth,0.12187543733507177,148.8168954818027,1494708.4803092536,2110139.982000643,14793660,14636720,cwnd: 79161 -> 80341
6.937207937240601,81521.37783398452,122922.75566796903,slow_start,slow_start_growth,0.12186368724159029,148.8168954818027,1494708.4803092536,2110056.399119916,14793660,14637900,cwnd: 80341 -> 81521
6.938053369522095,82701.37783398452,122922.75566796903,slow_start,slow_start_growth,0.12159130992287599,148.8168954818027,1494708.4803092536,2109969.3560022824,14793660,14639080,cwnd: 81521 -> 82701
6.938903093338013,83881.37783398452,122922.75566796903,slow_start,slow_start_growth,0.1215093691804333,148.8168954818027,1494708.4803092536,2109881.0291868756,14793660,14640260,cwnd: 82701 -> 83881
6.939725160598755,85061.37783398452,122922.75566796903,slow_start,slow_start_growth,0.1214397736285369,148.8168954818027,1494708.4803092536,2109801.1320576197,14793660,14641440,cwnd: 83881 -> 85061
6.940805673599243,86241.37783398452,122922.75566796903,slow_start,slow_start_growth,0.12123541054639918,148.8168954818027,1494708.4803092536,2109642.696912862,14793660,14642620,cwnd: 85061 -> 86241
6.941427230834961,87421.37783398452,122922.75566796903,slow_start,slow_start_growth,0.12119459219678057,148.8168954818027,1494708.4803092536,2109623.786726429,14793660,14643800,cwnd: 86241 -> 87421
6.942296504974365,88601.37783398452,122922.75566796903,slow_start,slow_start_growth,0.12128371982430247,148.8168954818027,1494708.4803092536,2109529.604433696,14793660,14644980,cwnd: 87421 -> 88601
6.943081378936768,89781.37783398452,122922.75566796903,slow_start,slow_start_growth,0.12094016315541882,148.8168954818027,1494708.4803092536,2109461.088045442,14793660,14646160,cwnd: 88601 -> 89781
6.944316864013672,90961.37783398452,122922.75566796903,slow_start,slow_start_growth,0.12067069492686663,148.8168954818027,1494708.4803092536,2109255.7103643077,14793660,14647340,cwnd: 89781 -> 90961
6.9447572231292725,92141.37783398452,122922.75566796903,slow_start,slow_start_growth,0.12038328447400078,148.8168954818027,1494708.4803092536,2109291.8772183442,14793660,14648520,cwnd: 90961 -> 92141
6.945626735687256,93321.37783398452,122922.75566796903,slow_start,slow_start_growth,0.12050527322539492,148.8168954818027,1494708.4803092536,2109197.709218741,14793660,14649700,cwnd: 92141 -> 93321
6.946469783782959,94501.37783398452,122922.75566796903,slow_start,slow_start_growth,0.12150892653232699,148.8168954818027,1494708.4803092536,2109111.5999962385,14793660,14650880,cwnd: 93321 -> 94501
6.947265386581421,95681.37783398452,122922.75566796903,slow_start,slow_start_growth,0.12188577534984835,148.8168954818027,1494708.4803092536,2109039.914942694,14793660,14652060,cwnd: 94501 -> 95681
6.94810938835144,96861.37783398452,122922.75566796903,slow_start,slow_start_growth,0.1218895527455159,148.8168954818027,1494708.4803092536,2108953.5557062863,14793660,14653240,cwnd: 95681 -> 96861
6.948948860168457,98041.37783398452,122922.75566796903,slow_start,slow_start_growth,0.1218341269512586,148.8168954818027,1494708.4803092536,2108868.5921980934,14793660,14654420,cwnd: 96861 -> 98041
6.949802398681641,99221.37783398452,122922.75566796903,slow_start,slow_start_growth,0.12185243830838528,148.8168954818027,1494708.4803092536,2108779.380947598,14793660,14655600,cwnd: 98041 -> 99221
6.95065712928772,100401.37783398452,122922.75566796903,slow_start,slow_start_growth,0.12237019928524123,148.8168954818027,1494708.4803092536,2108689.829950219,14793660,14656780,cwnd: 99221 -> 100401
6.951464891433716,101581.37783398452,122922.75566796903,slow_start,slow_start_growth,0.12283725211241174,148.8168954818027,1494708.4803092536,2108614.5480016726,14793660,14657960,cwnd: 100401 -> 101581
6.952300071716309,102761.37783398452,122922.75566796903,slow_start,slow_start_growth,0.12250277628580088,148.8168954818027,1494708.4803092536,2108530.967993893,14793660,14659140,cwnd: 101581 -> 102761
6.953181743621826,103941.37783398452,122922.75566796903,slow_start,slow_start_growth,0.12233553575679085,148.8168954818027,1494708.4803092536,2108433.310181767,14793660,14660320,cwnd: 102761 -> 103941
6.953986406326294,105121.37783398452,122922.75566796903,slow_start,slow_start_growth,0.12195436477837757,148.8168954818027,1494708.4803092536,2108359.0250711306,14793660,14661500,cwnd: 103941 -> 105121
6.9548211097717285,106301.37783398452,122922.75566796903,slow_start,slow_start_growth,0.12230339014221832,148.8168954818027,1494708.4803092536,2108275.6505984752,14793660,14662680,cwnd: 105121 -> 106301
6.955661058425903,107481.37783398452,122922.75566796903,slow_start,slow_start_growth,0.12238454700389433,148.8168954818027,1494708.4803092536,2108190.706365226,14793660,14663860,cwnd: 106301 -> 107481
6.9565269947052,108661.37783398452,122922.75566796903,slow_start,slow_start_growth,0.12228473405298547,148.8168954818027,1494708.4803092536,2108097.9073554887,14793660,14665040,cwnd: 107481 -> 108661
6.957346200942993,109841.37783398452,122922.75566796903,slow_start,slow_start_growth,0.12224178956042485,148.8168954818027,1494708.4803092536,2108019.2901730477,14793660,14666220,cwnd: 108661 -> 109841
6.958224773406982,111021.37783398452,122922.75566796903,slow_start,slow_start_growth,0.12226602783157281,148.8168954818027,1494708.4803092536,2107922.706960549,14793660,14667400,cwnd: 109841 -> 111021
6.959036350250244,112201.37783398452,122922.75566796903,slow_start,slow_start_growth,0.12257126341589242,148.8168954818027,1494708.4803092536,2107846.4404734033,14793660,14668580,cwnd: 111021 -> 112201
6.959858417510986,113381.37783398452,122922.75566796903,slow_start,slow_start_growth,0.12302197233451607,148.8168954818027,1494708.4803092536,2107767.0147845135,14793660,14669760,cwnd: 112201 -> 113381
6.96073317527771,114561.37783398452,122922.75566796903,slow_start,slow_start_growth,0.12268460307115056,148.8168954818027,1494708.4803092536,2107671.653340552,14793660,14670940,cwnd: 113381 -> 114561
6.96158504486084,115741.37783398452,122922.75566796903,slow_start,slow_start_growth,0.1228758063102132,148.8168954818027,1494708.4803092536,2107583.245116169,14793660,14672120,cwnd: 114561 -> 115741
6.962424993515015,116921.37783398452,122922.75566796903,slow_start,slow_start_growth,0.1231848621214435,148.8168954818027,1494708.4803092536,2107498.4669374675,14793660,14673300,cwnd: 115741 -> 116921
6.963268280029297,118101.37783398452,122922.75566796903,slow_start,slow_start_growth,0.1232070052067085,148.8168954818027,1494708.4803092536,2107412.699017574,14793660,14674480,cwnd: 116921 -> 118101
6.964532375335693,119281.37783398452,122922.75566796903,slow_start,slow_start_growth,0.12314332313250864,148.8168954818027,1494708.4803092536,2107199.623620477,14793660,14675660,cwnd: 118101 -> 119281
6.965242624282837,120461.37783398452,122922.75566796903,slow_start,slow_start_growth,0.12296647112725481,148.8168954818027,252685.6856948848,2107154.1641395693,14796020,14676840,cwnd: 119281 -> 120461
6.965805768966675,121641.37783398452,122922.75566796903,slow_start,slow_start_growth,0.12343048617712321,148.8168954818027,265693.1425074351,2107153.2119646473,14798380,14678020,cwnd: 120461 -> 121641
6.966641187667847,122821.37783398452,122922.75566796903,slow_start,slow_start_growth,0.12354883598169995,148.8168954818027,270709.78526030213,2107069.9070858867,14800740,14679200,cwnd: 121641 -> 122821
6.967803239822388,124001.37783398452,122922.75566796903,congestion_avoidance,slow_start_growth,0.12399338172218556,148.8168954818027,269587.646184098,2106887.8518409785,14803100,14680380,cwnd: 122821 -> 124001
6.968323469161987,124001.37783398452,122922.75566796903,congestion_avoidance,epoch_start,0.12380761507440449,148.8168954818027,3612348.5293044304,2106899.897080353,14805460,14681560,"W_max=148.82, K=4.81s"
6.978468894958496,124147.27440462286,122922.75566796903,congestion_avoidance,periodic,0.1233087751255374,148.8168954818027,1552033.215215278,2105865.94584046,14819620,14695720,
7.07882833480835,125452.70785307753,122922.75566796903,congestion_avoidance,periodic,0.0937231795923482,148.8168954818027,1488773.529057875,2095513.4520014613,14958860,14833780,
7.179739475250244,127352.17514412706,122922.75566796903,congestion_avoidance,periodic,0.09316841465966702,148.8168954818027,1419229.4095718751,2085454.5003498371,15099280,14973020,
7.2780516147613525,45449.76356137145,90899.5271227429,slow_start,congestion,0.09471443985034596,110.04785365949505,1743624.7031883036,2075442.8244729203,15236160,15105180,"cwnd: 129856 -> 45450, ssthresh: 90900"
7.278059720993042,45449.76356137145,90899.5271227429,slow_start,timeout,0.09471443985034596,110.04785365949505,1743624.7031883036,2075440.5128650141,15236160,15105180,"seq=15105180, rto=0.095s"
7.278343439102173,46629.76356137145,90899.5271227429,slow_start,slow_start_growth,0.17048599173062273,110.04785365949505,1743624.7031883036,2075521.73463574,15236160,15106360,cwnd: 45450 -> 46630
7.278352975845337,47809.76356137145,90899.5271227429,slow_start,slow_start_growth,0.09626276280828218,110.04785365949505,1743624.7031883036,2075681.1396942933,15236160,15107540,cwnd: 46630 -> 47810
7.279163360595703,48989.76356137145,90899.5271227429,slow_start,slow_start_growth,0.09703914005103514,110.04785365949505,1743624.7031883036,2075612.1619399337,15236160,15108720,cwnd: 47810 -> 48990
7.279982805252075,50169.76356137145,90899.5271227429,slow_start,slow_start_growth,0.09717859221340469,110.04785365949505,1743624.7031883036,2075540.6165381467,15236160,15109900,cwnd: 48990 -> 50170
7.27998948097229,50169.76356137145,90899.5271227429,slow_start,periodic,0.09717859221340469,110.04785365949505,1743624.7031883036,2075538.7132759942,15236160,15109900,
7.280801773071289,51349.76356137145,90899.5271227429,slow_start,slow_start_growth,0.09708457662983055,110.04785365949505,1743624.7031883036,2075469.2231684856,15236160,15111080,cwnd: 50170 -> 51350
7.281616926193237,52529.76356137145,90899.5271227429,slow_start,slow_start_growth,0.0967460434309971,110.04785365949505,1743624.7031883036,2075398.9331186297,15236160,15112260,cwnd: 51350 -> 52530
7.282829284667969,53709.76356137145,90899.5271227429,slow_start,slow_start_growth,0.09669998058081385,110.04785365949505,1743624.7031883036,2075215.4704240107,15236160,15113440,cwnd: 52530 -> 53710
7.283862113952637,54889.76356137145,90899.5271227429,slow_start,slow_start_growth,0.09677584724365657,110.04785365949505,1743624.7031883036,2075083.2132100796,15236160,15114620,cwnd: 53710 -> 54890
7.284869909286499,56069.76356137145,90899.5271227429,slow_start,slow_start_growth,0.09639118897853177,110.04785365949505,1743624.7031883036,2074958.1239235175,15236160,15115800,cwnd: 54890 -> 56070
7.2850165367126465,57249.76356137145,90899.5271227429,slow_start,slow_start_growth,0.09625287046073973,110.04785365949505,1743624.7031883036,2075078.3369973674,15236160,15116980,cwnd: 56070 -> 57250
7.28586745262146,58429.76356137145,90899.5271227429,slow_start,slow_start_growth,0.09618961542079153,110.04785365949505,1743624.7031883036,2074997.9461348115,15236160,15118160,cwnd: 57250 -> 58430
7.286756277084351,59609.76356137145,90899.5271227429,slow_start,slow_start_growth,0.0969844365431319,110.04785365949505,1743624.7031883036,2074906.7795155763,15236160,15119340,cwnd: 58430 -> 59610
7.289229154586792,60789.76356137145,90899.5271227429,slow_start,slow_start_growth,0.09725648499540286,110.04785365949505,1743624.7031883036,2074364.7482237981,15236160,15120520,cwnd: 59610 -> 60790
7.289238452911377,61969.76356137145,90899.5271227429,slow_start,slow_start_growth,0.09738666800744487,110.04785365949505,1743624.7031883036,2074523.9845954387,15236160,15121700,cwnd: 60790 -> 61970
7.290364980697632,63149.76356137145,90899.5271227429,slow_start,slow_start_growth,0.09758039262868595,110.04785365949505,1743624.7031883036,2074365.2807561983,15236160,15122880,cwnd: 61970 -> 63150
7.290373086929321,64329.76356137145,90899.5271227429,slow_start,slow_start_growth,0.09708259171328866,110.04785365949505,1743624.7031883036,2074524.8315364611,15236160,15124060,cwnd: 63150 -> 64330
7.2918171882629395,65509.76356137145,90899.5271227429,slow_start,slow_start_growth,0.09696300926333191,110.04785365949505,1743624.7031883036,2074275.8093751858,15236160,15125240,cwnd: 64330 -> 65510
7.291824817657471,66689.76356137145,90899.5271227429,slow_start,slow_start_growth,0.09685994925409111,110.04785365949505,1743624.7031883036,2074435.4641338498,15236160,15126420,cwnd: 65510 -> 66690
7.292813539505005,67869.76356137145,90899.5271227429,slow_start,slow_start_growth,0.09668536994825451,110.04785365949505,1743624.7031883036,2074316.0260514184,15236160,15127600,cwnd: 66690 -> 67870
7.293900728225708,69049.76356137145,90899.5271227429,slow_start,slow_start_growth,0.09684171407731038,110.04785365949505,1743624.7031883036,2074168.6189195202,15236160,15128780,cwnd: 67870 -> 69050
7.294820308685303,70229.76356137145,90899.5271227429,slow_start,slow_start_growth,0.09661608550283363,110.04785365949505,1743624.7031883036,2074068.9091390069,15236160,15129960,cwnd: 69050 -> 70230
7.296102046966553,71409.76356137145,90899.5271227429,slow_start,slow_start_growth,0.09672105162645805,110.04785365949505,1743624.7031883036,2073866.278541288,15236160,15131140,cwnd: 70230 -> 71410
7.296805143356323,72589.76356137145,90899.5271227429,slow_start,slow_start_growth,0.09640469969681412,110.04785365949505,1743624.7031883036,2073828.1621481758,15236160,15132320,cwnd: 71410 -> 72590
7.2977235317230225,73769.76356137145,90899.5271227429,slow_start,slow_start_growth,0.09617667585449557,110.04785365949505,1743624.7031883036,2073728.8736980858,15236160,15133500,cwnd: 72590 -> 73770
7.298619031906128,74949.76356137145,90899.5271227429,slow_start,slow_start_growth,0.09645474793659711,110.04785365949505,1743624.7031883036,2073636.1130562236,15236160,15134680,cwnd: 73770 -> 74950
7.299540758132935,76129.76356137145,90899.5271227429,slow_start,slow_start_growth,0.09658214661139604,110.04785365949505,1743624.7031883036,2073535.9252753083,15236160,15135860,cwnd: 74950 -> 76130
7.300485372543335,77309.76356137145,90899.5271227429,slow_start,slow_start_growth,0.09642696174890615,110.04785365949505,1743624.7031883036,2073429.2622418576,15236160,15137040,cwnd: 76130 -> 77310
7.300849676132202,78489.76356137145,90899.5271227429,slow_start,slow_start_growth,0.09687078720171186,110.04785365949505,1743624.7031883036,2073487.4256471242,15236160,15138220,cwnd: 77310 -> 78490
7.301830053329468,79669.76356137145,90899.5271227429,slow_start,slow_start_growth,0.0965324576831895,110.04785365949505,1743624.7031883036,2073370.6330369576,15236160,15139400,cwnd: 78490 -> 79670
7.301837682723999,80849.76356137145,90899.5271227429,slow_start,slow_start_growth,0.09684040871175834,110.04785365949505,1743624.7031883036,2073530.0698100023,15236160,15140580,cwnd: 79670 -> 80850
7.302846908569336,82029.76356137145,90899.5271227429,slow_start,slow_start_growth,0.09690938120418627,110.04785365949505,1743624.7031883036,2073405.0966113359,15236160,15141760,cwnd: 80850 -> 82030
7.303891181945801,83209.76356137145,90899.5271227429,slow_start,slow_start_growth,0.09711112592747831,110.04785365949505,1743624.7031883036,2073270.2093688408,15236160,15142940,cwnd: 82030 -> 83210
7.304840803146362,84389.76356137145,90899.5271227429,slow_start,slow_start_growth,0.09675968329819622,110.04785365949505,1743624.7031883036,2073162.2232584562,15236160,15144120,cwnd: 83210 -> 84390
7.306256532669067,85569.76356137145,90899.5271227429,slow_start,slow_start_growth,0.0972238964260284,110.04785365949505,1743624.7031883036,2072922.0131102118,15236160,15145300,cwnd: 84390 -> 85570
7.307327032089233,87929.76356137145,90899.5271227429,slow_start,slow_start_growth,0.09716185911365506,110.04785365949505,1743624.7031883036,2072941.3003524959,15236160,15147660,cwnd: 85570 -> 87930
7.308758974075317,89109.76356137145,90899.5271227429,slow_start,slow_start_growth,0.09681941817601668,110.04785365949505,1743624.7031883036,2072696.616995307,15236160,15148840,cwnd: 87930 -> 89110
7.309801340103149,90289.76356137145,90899.5271227429,slow_start,slow_start_growth,0.09655051627493662,110.04785365949505,316259.9665162882,2072562.4808548102,15238520,15150020,cwnd: 89110 -> 90290
7.309934616088867,91469.76356137145,90899.5271227429,congestion_avoidance,slow_start_growth,0.09667825229340633,110.04785365949505,319727.0438057585,2072686.1176915083,15240880,15151200,cwnd: 90290 -> 91470
7.311639308929443,91469.76356137145,90899.5271227429,congestion_avoidance,epoch_start,0.0964522100557946,110.04785365949505,336100.30966480146,2072364.26193712,15243240,15152380,"W_max=110.05, K=4.35s"
7.380091190338135,92724.72713019964,90899.5271227429,congestion_avoidance,periodic,0.11211205397009871,110.04785365949505,1567765.4407805125,2066253.601305613,15341180,15249140,
7.4805378913879395,94465.45675931573,90899.5271227429,congestion_avoidance,periodic,0.0704023194488893,110.04785365949505,1661166.2482379002,2056964.3818948772,15481600,15387200,
7.580826997756958,96260.81019124849,90899.5271227429,congestion_avoidance,periodic,0.0718170972039702,110.04785365949505,1476603.2340831792,2047652.5852117415,15618480,15522900,
7.6815619468688965,98424.20848097747,90899.5271227429,congestion_avoidance,periodic,0.07467944754734247,110.04785365949505,1513633.4699369993,2038465.6282545046,15756540,15658600,
7.781742811203003,100602.61145623958,90899.5271227429,congestion_avoidance,periodic,0.07521786514481033,110.04785365949505,1621810.3745453353,2029509.3763910315,15893420,15793120,
7.882812261581421,102723.78093518454,90899.5271227429,congestion_avoidance,periodic,0.08022141190801381,110.04785365949505,1480180.2554056884,2020553.004620797,16029120,15927640,
7.983293533325195,104747.16748567985,90899.5271227429,congestion_avoidance,periodic,0.08106008942691786,110.04785365949505,1664294.4111910686,2011675.999756304,16163640,16059800,
8.083928108215332,106648.57979424068,90899.5271227429,congestion_avoidance,periodic,0.08496844871052214,110.04785365949505,1477176.1587822712,2002689.7546932956,16295800,16189600,
8.18481731414795,108472.77888365861,90899.5271227429,congestion_avoidance,periodic,0.08695052514064303,110.04785365949505,1476427.0389594892,1993718.292501529,16424420,16318220,
8.28586459159851,110226.38539082595,90899.5271227429,congestion_avoidance,periodic,0.08656598795825479,110.04785365949505,1466105.4327863024,1985212.2633863387,16558940,16449200,
8.385964155197144,111849.60461576805,90899.5271227429,congestion_avoidance,periodic,0.08734659544667271,110.04785365949505,1479516.537127825,1976853.191022288,16688740,16577820,
8.486745357513428,113377.01285057634,90899.5271227429,congestion_avoidance,periodic,0.09083520129408004,110.04785365949505,1483063.2626153661,1968394.1601017418,16818540,16705260,
8.586833715438843,114808.02604032507,90899.5271227429,congestion_avoidance,periodic,0.09475044377971088,110.04785365949505,1226921.5201170084,1960016.9931950127,16944800,16830340,
8.688071250915527,116163.76416480471,90899.5271227429,congestion_avoidance,periodic,0.09570038712567076,110.04785365949505,1340577.6754516645,1951438.876403483,17069880,16954240,
8.788175106048584,117429.95726021122,90899.5271227429,congestion_avoidance,periodic,0.09824275411869163,110.04785365949505,1481598.1799131867,1943040.4826876237,17192600,17075780,
8.888862133026123,118643.85419790512,90899.5271227429,congestion_avoidance,periodic,0.09910690138593832,110.04785365949505,1263022.1813913132,1934969.824326046,17316500,17199680,
8.988954305648804,119751.00098752043,90899.5271227429,congestion_avoidance,periodic,0.10113396387753062,110.04785365949505,1329629.1862558096,1926813.6660919287,17438040,17320040,
9.089824438095093,120773.66717803162,90899.5271227429,congestion_avoidance,periodic,0.10568005648270708,110.04785365949505,1446311.7241379311,1918283.4738724781,17557220,17436860,
9.190326452255249,121757.47398792786,90899.5271227429,congestion_avoidance,periodic,0.10236555023664821,110.04785365949505,1402777.2575250836,1910402.2138072765,17678760,17557220,
9.29082703590393,122660.28525109708,90899.5271227429,congestion_avoidance,periodic,0.10502175446035664,110.04785365949505,1295181.9328500773,1902691.755178079,17799120,17677580,
9.391990900039673,123476.61440705795,90899.5271227429,congestion_avoidance,periodic,0.10756480328513325,110.04785365949505,1210891.9629095,1894635.566557548,17917120,17794400,
9.49272346496582,124234.97028068756,90899.5271227429,congestion_avoidance,periodic,0.11002300052294563,110.04785365949505,1259614.8630764533,1886712.4978515834,18033940,17910040,
9.592849969863892,124920.35953838812,90899.5271227429,congestion_avoidance,periodic,0.11304981660532781,110.04785365949505,1191879.282360024,1878705.500098185,18146040,18022140,
9.693456888198853,125568.30642542925,90899.5271227429,congestion_avoidance,periodic,0.1129920520324457,110.04785365949505,1231408.9171974522,1871014.6657876119,18261680,18136600,
9.794451475143433,126153.43959784934,90899.5271227429,congestion_avoidance,periodic,0.11295097158886311,110.04785365949505,1227926.0457500124,1863408.0781673102,18376140,18251060,
9.894819736480713,126680.12959417104,90899.5271227429,congestion_avoidance,periodic,0.11495323409098811,110.04785365949505,1156616.746512117,1855954.9834236433,18489420,18364340,
9.9948570728302,127337.13844216873,90899.5271227429,congestion_avoidance,periodic,0.11531794357780734,110.04785365949505,1271752.3755685177,1848594.7188005268,18602700,18476440,
10.095540046691895,128371.78075792891,90899.5271227429,congestion_avoidance,periodic,0.11599578970428522,110.04785365949505,1290420.4828701047,1841262.5688202872,18715980,18588540,
10.195887088775635,129398.1498468743,90899.5271227429,congestion_avoidance,periodic,0.11792988891718559,110.04785365949505,1176634.74312341,1834135.650696545,18829260,18700640,
10.2968270778656,130427.1176280258,90899.5271227429,congestion_avoidance,periodic,0.11722405794068881,110.04785365949505,1182962.5507911467,1827157.03174651,18943720,18813920,
10.397010803222656,131395.05359185525,90899.5271227429,congestion_avoidance,periodic,0.12329552917704872,110.04785365949505,1178736.477088692,1819878.8438437667,19052280,18921300,
10.49884033203125,132387.4683872252,90899.5271227429,congestion_avoidance,periodic,0.12403362534419456,110.04785365949505,1463460.9893846654,1812792.5940481243,19164380,19032220,
10.599846601486206,133351.61682841298,90899.5271227429,congestion_avoidance,periodic,0.1263170692164982,110.04785365949505,1505896.2818718432,1805760.0944259202,19274120,19140780,
10.70050573348999,134288.10696465962,90899.5271227429,congestion_avoidance,periodic,0.127847970311908,110.04785365949505,1194554.6244448735,1798698.1624393337,19380320,19246980,
10.800817251205444,135238.7041283368,90899.5271227429,congestion_avoidance,periodic,0.12721240780568546,110.04785365949505,1098155.8765448534,1792044.0231353596,19488880,19355540,
10.900892496109009,136131.53145719384,90899.5271227429,congestion_avoidance,periodic,0.13405632530815795,110.04785365949505,1195391.3291307392,1785009.8060269337,19593900,19458200,
11.001891374588013,137049.0248421492,90899.5271227429,congestion_avoidance,periodic,0.1334676877301398,110.04785365949505,1307637.908531269,1778276.0558052345,19701280,19564400,
11.10293698310852,137960.41620510892,90899.5271227429,congestion_avoidance,periodic,0.13203136700344434,110.04785365949505,1162593.9536304057,1771657.3578617903,19807480,19670600,
11.203546285629272,138845.7703649557,90899.5271227429,congestion_avoidance,periodic,0.13651481104516422,110.04785365949505,1349864.6447565798,1765016.1382708407,19912500,19774440,
11.303873777389526,139725.51428542726,90899.5271227429,congestion_avoidance,periodic,0.13744485071921778,110.04785365949505,1041602.5591379746,1758536.9751528325,20016340,19878280,
11.40483570098877,140609.65587602343,90899.5271227429,congestion_avoidance,periodic,0.14051797514582406,110.04785365949505,1154135.3729916285,1752177.8063201297,20122540,19983300,
11.507865905761719,141488.27298998638,90899.5271227429,congestion_avoidance,periodic,0.13884944285780756,110.04785365949505,1186308.418024928,1745616.447437248,20227560,20088320,
11.608824014663696,142361.46655876024,90899.5271227429,congestion_avoidance,periodic,0.1397858331626877,110.04785365949505,1189330.2061806123,1739481.9642793073,20334940,20193340,
11.70886492729187,143219.61433116609,90899.5271227429,congestion_avoidance,periodic,0.1407853988496979,110.04785365949505,1093352.4907769456,1733488.269447012,20438780,20297180,
11.810210466384888,144082.31498549643,90899.5271227429,congestion_avoidance,periodic,0.14287035726001,110.04785365949505,1164152.6838218,1727505.200527144,20544980,20402200,
11.910841703414917,144872.61545359428,90899.5271227429,congestion_avoidance,periodic,0.1482480784104057,110.04785365949505,1068889.4283307777,1721033.7027754146,20642920,20498960,
12.011645317077637,145696.86135318363,90899.5271227429,congestion_avoidance,periodic,0.15128484761063168,110.04785365949505,1219785.2667898952,1715038.985601014,20745580,20600440,
12.111886978149414,146516.47012993193,90899.5271227429,congestion_avoidance,periodic,0.1472466455669051,110.04785365949505,1307810.6754042914,1709223.3470595896,20848240,20701920,
12.213824033737183,147331.51978639697,90899.5271227429,congestion_avoidance,periodic,0.14884939678629205,110.04785365949505,1184689.8341192522,1703266.719950818,20949720,20803400,
12.315807104110718,148142.084372731,90899.5271227429,congestion_avoidance,periodic,0.14956519204508606,110.04785365949505,1184548.0637595137,1697402.3564417844,21052380,20904880,
12.417818307876587,148938.88891655332,90899.5271227429,congestion_avoidance,periodic,0.15308912605366848,110.04785365949505,1154269.9566211111,1691535.459709253,21153860,21005180,
12.518033742904663,149712.85265073387,90899.5271227429,congestion_avoidance,periodic,0.15395463080105418,110.04785365949505,1103616.5365918924,1685817.4720899314,21251800,21103120,
12.618194103240967,150501.3407352677,90899.5271227429,congestion_avoidance,periodic,0.1557174311723688,110.04785365949505,1161093.8675925492,1680384.6752170287,21352100,21203420,
12.718226194381714,151267.30985876566,90899.5271227429,congestion_avoidance,periodic,0.156565387184711,110.04785365949505,1179888.6022838342,1674868.7807903504,21451220,21301360,
12.818820714950562,151992.77908511547,90899.5271227429,congestion_avoidance,periodic,0.16121235989997695,110.04785365949505,1087084.58970304,1668997.5213591645,21545620,21394580,
12.91973090171814,152751.26914511307,90899.5271227429,congestion_avoidance,periodic,0.1618597775179344,110.04785365949505,1067828.58745604,1663542.3882661366,21644740,21492520,
13.01982855796814,153496.94005500607,90899.5271227429,congestion_avoidance,periodic,0.16111945308793668,110.04785365949505,1101406.1598718178,1658184.6607179288,21742680,21589280,
13.120352506637573,154239.00583720318,90899.5271227429,congestion_avoidance,periodic,0.16209826942220767,110.04785365949505,1106206.5488031113,1652854.9815280538,21839440,21686040,
13.22083830833435,154968.53323225834,90899.5271227429,congestion_avoidance,periodic,0.16330040300132814,110.04785365949505,1005542.2023567655,1647521.850885127,21936200,21781620,
13.321832180023193,155703.5853190716,90899.5271227429,congestion_avoidance,periodic,0.16378758761961446,110.04785365949505,1070693.0708491076,1642295.1215980495,22032960,21878380,
13.422347784042358,156381.76790455708,90899.5271227429,congestion_avoidance,periodic,0.17467459849263173,110.04785365949505,940838.0800304153,1636677.9011729616,22123820,21968060,
13.52365493774414,157110.20782877106,90899.5271227429,congestion_avoidance,periodic,0.1709552029566025,110.04785365949505,1025693.4739808923,1631572.2414964691,22221760,22064820,
13.623871564865112,157808.81718687838,90899.5271227429,congestion_avoidance,periodic,0.17014382004335696,110.04785365949505,1130127.1224368636,1626412.8661594135,22314980,22158040,
13.724880933761597,158504.34727635223,90899.5271227429,congestion_avoidance,periodic,0.17414206034780022,110.04785365949505,958698.0571428571,1621235.1937614635,22408200,22251260,
13.825825452804565,159188.09157465814,90899.5271227429,congestion_avoidance,periodic,0.17457265506343217,110.04785365949505,980696.0429587652,1616055.408501318,22501420,22343300,
13.926751852035522,159851.49073424086,90899.5271227429,congestion_avoidance,periodic,0.18022631110796192,110.04785365949505,1012350.1646587166,1610783.3497960411,22592280,22432980,
14.027584314346313,160538.17072177844,90899.5271227429,congestion_avoidance,periodic,0.17925562163682543,110.04785365949505,1168054.0734447276,1605850.2658196087,22686680,22526200,
14.127815961837769,161196.01345217766,90899.5271227429,congestion_avoidance,periodic,0.17793105199095108,110.04785365949505,1001939.1299066745,1600805.1110723906,22776360,22615880,
14.227826833724976,161851.18226586527,90899.5271227429,congestion_avoidance,periodic,0.18293985659018722,110.04785365949505,1058488.1132640403,1595855.8018277115,22867220,22705560,
14.327916622161865,162495.14063492478,90899.5271227429,congestion_avoidance,periodic,0.1824438615365976,110.04785365949505,954298.5789483832,1590884.4670929362,22955720,22794060,
14.42802619934082,163128.02132878988,90899.5271227429,congestion_avoidance,periodic,0.1877129420640396,110.04785365949505,983345.9935228785,1585898.1460017997,23044220,22881380,
14.52884840965271,163741.4491475921,90899.5271227429,congestion_avoidance,periodic,0.1927956240475427,110.04785365949505,1069744.2441533739,1580740.5619802303,23129180,22966340,
14.628877878189087,164369.53093521253,90899.5271227429,congestion_avoidance,periodic,0.1946892588968421,110.04785365949505,1072084.6355464095,1575900.7759830873,23217680,23053660,
14.72985029220581,165020.53752151402,90899.5271227429,congestion_avoidance,periodic,0.19043576946622365,110.04785365949505,980346.3840744776,1571266.4786720031,23307360,23144520,
14.830833673477173,165643.76913359182,90899.5271227429,congestion_avoidance,periodic,0.1886022310070883,110.04785365949505,1003035.6322072026,1566455.434096522,23397040,23231840,
14.93281602859497,166289.78703690195,90899.5271227429,congestion_avoidance,periodic,0.19055273336814768,110.04785365949505,1065988.6536431971,1561842.0501089126,23486720,23322700,
15.032874584197998,166916.62143638037,90899.5271227429,congestion_avoidance,periodic,0.18996754765209556,110.04785365949505,879371.5077644718,1557333.5537974213,23576400,23411200,
15.133845806121826,167541.11051190793,90899.5271227429,congestion_avoidance,periodic,0.19102537019802135,110.04785365949505,905068.8903518397,1552791.0288668384,23666080,23499700,
15.182839393615723,58735.30230991423,117470.60461982846,slow_start,congestion,0.1936648526164508,142.21622835330322,925444.7868362004,1550345.056662974,23707380,23538640,"cwnd: 167815 -> 58735, ssthresh: 117471"
15.182855606079102,58735.30230991423,117470.60461982846,slow_start,timeout,0.1936648526164508,142.21622835330322,925444.7868362004,1550343.4011830625,23707380,23538640,"seq=23538640, rto=0.194s"
15.183881521224976,59915.30230991423,117470.60461982846,slow_start,slow_start_growth,0.34859673470961144,142.21622835330322,925444.7868362004,1550316.3645668977,23707380,23539820,cwnd: 58735 -> 59915
15.183895587921143,61095.30230991423,117470.60461982846,slow_start,slow_start_growth,0.19483967171432418,142.21622835330322,925444.7868362004,1550392.6422364872,23707380,23541000,cwnd: 59915 -> 61095
15.185120820999146,62275.30230991423,117470.60461982846,slow_start,slow_start_growth,0.19541841569992605,142.21622835330322,925444.7868362004,1550345.2542467804,23707380,23542180,cwnd: 61095 -> 62275
15.186893701553345,63455.30230991423,117470.60461982846,slow_start,slow_start_growth,0.1965952553931567,142.21622835330322,925444.7868362004,1550241.9693364904,23707380,23543360,cwnd: 62275 -> 63455
15.188859224319458,64635.30230991423,117470.60461982846,slow_start,slow_start_growth,0.19750620231374277,142.21622835330322,925444.7868362004,1550119.0479336292,23707380,23544540,cwnd: 63455 -> 64635
15.189706087112427,65815.30230991423,117470.60461982846,slow_start,slow_start_growth,0.19756605655430556,142.21622835330322,925444.7868362004,1550110.3092427286,23707380,23545720,cwnd: 64635 -> 65815
15.190873861312866,66995.30230991423,117470.60461982846,slow_start,slow_start_growth,0.1970866555263195,142.21622835330322,925444.7868362004,1550068.8252021973,23707380,23546900,cwnd: 65815 -> 66995
15.192461967468262,68175.30230991423,117470.60461982846,slow_start,slow_start_growth,0.19689150117043835,142.21622835330322,925444.7868362004,1549984.4627173455,23707380,23548080,cwnd: 66995 -> 68175
15.194827318191528,69355.30230991423,117470.60461982846,slow_start,slow_start_growth,0.19810294261630718,142.21622835330322,925444.7868362004,1549820.837503457,23707380,23549260,cwnd: 68175 -> 69355
15.194838762283325,70535.30230991423,117470.60461982846,slow_start,slow_start_growth,0.19752813228363852,142.21622835330322,925444.7868362004,1549897.3281938978,23707380,23550440,cwnd: 69355 -> 70535
15.196834325790405,71715.30230991423,117470.60461982846,slow_start,slow_start_growth,0.19730517701070754,142.21622835330322,925444.7868362004,1549771.4520734602,23707380,23551620,cwnd: 70535 -> 71715
15.197837352752686,72895.30230991423,117470.60461982846,slow_start,slow_start_growth,0.196957958503095,142.21622835330322,925444.7868362004,1549746.8128736115,23707380,23552800,cwnd: 71715 -> 72895
15.2010018825531,74075.30230991423,117470.60461982846,slow_start,slow_start_growth,0.19899817562952565,142.21622835330322,925444.7868362004,1549501.8145503951,23707380,23553980,cwnd: 72895 -> 74075
15.201021432876587,75255.30230991423,117470.60461982846,slow_start,slow_start_growth,0.19805846566739432,142.21622835330322,925444.7868362004,1549577.448069061,23707380,23555160,cwnd: 74075 -> 75255
15.202828884124756,76435.30230991423,117470.60461982846,slow_start,slow_start_growth,0.1981806296404295,142.21622835330322,925444.7868362004,1549470.837272807,23707380,23556340,cwnd: 75255 -> 76435
15.204285383224487,77615.30230991423,117470.60461982846,slow_start,slow_start_growth,0.19870270256683556,142.21622835330322,925444.7868362004,1549400.0149452589,23707380,23557520,cwnd: 76435 -> 77615
15.204810619354248,78795.30230991423,117470.60461982846,slow_start,slow_start_growth,0.19778762998870303,142.21622835330322,925444.7868362004,1549424.0993710281,23707380,23558700,cwnd: 77615 -> 78795
15.207811117172241,79975.30230991423,117470.60461982846,slow_start,slow_start_growth,0.19892016993605044,142.21622835330322,925444.7868362004,1549195.9900394103,23707380,23559880,cwnd: 78795 -> 79975
15.208822965621948,81155.30230991423,117470.60461982846,slow_start,slow_start_growth,0.19842226170901092,142.21622835330322,925444.7868362004,1549170.5080174492,23707380,23561060,cwnd: 79975 -> 81155
15.209761381149292,82335.30230991423,117470.60461982846,slow_start,slow_start_growth,0.19903366951193877,142.21622835330322,925444.7868362004,1549152.508677922,23707380,23562240,cwnd: 81155 -> 82335
15.211822032928467,83515.30230991423,117470.60461982846,slow_start,slow_start_growth,0.1982388737446753,142.21622835330322,925444.7868362004,1549020.2257818386,23707380,23563420,cwnd: 82335 -> 83515
15.211843013763428,84695.30230991423,117470.60461982846,slow_start,slow_start_growth,0.19762899143848003,142.21622835330322,925444.7868362004,1549095.6604455577,23707380,23564600,cwnd: 83515 -> 84695
15.215214490890503,85875.30230991423,117470.60461982846,slow_start,slow_start_growth,0.1999239733872814,142.21622835330322,925444.7868362004,1548829.9566272341,23707380,23565780,cwnd: 84695 -> 85875
15.215223789215088,87055.30230991423,117470.60461982846,slow_start,slow_start_growth,0.19906515218930468,142.21622835330322,925444.7868362004,1548906.5640102397,23707380,23566960,cwnd: 85875 -> 87055
15.217828035354614,88235.30230991423,117470.60461982846,slow_start,slow_start_growth,0.20017990012339773,142.21622835330322,925444.7868362004,1548719.038304654,23707380,23568140,cwnd: 87055 -> 88235
15.217845439910889,89415.30230991423,117470.60461982846,slow_start,slow_start_growth,0.1991096910886142,142.21622835330322,925444.7868362004,1548794.8075872962,23707380,23569320,cwnd: 88235 -> 89415
15.220823764801025,90595.30230991423,117470.60461982846,slow_start,slow_start_growth,0.20000890789685016,142.21622835330322,925444.7868362004,1548569.2735309142,23707380,23570500,cwnd: 89415 -> 90595
15.220833539962769,91775.30230991423,117470.60461982846,slow_start,slow_start_growth,0.1990694369577487,142.21622835330322,925444.7868362004,1548645.8043254875,23707380,23571680,cwnd: 90595 -> 91775
15.222824096679688,92955.30230991423,117470.60461982846,slow_start,slow_start_growth,0.19873922946636796,142.21622835330322,925444.7868362004,1548520.8165245485,23707380,23572860,cwnd: 91775 -> 92955
15.223848104476929,94135.30230991423,117470.60461982846,slow_start,slow_start_growth,0.1979649135684046,142.21622835330322,925444.7868362004,1548494.1677175236,23707380,23574040,cwnd: 92955 -> 94135
15.225807905197144,95315.30230991423,117470.60461982846,slow_start,slow_start_growth,0.19876167683769008,142.21622835330322,925444.7868362004,1548372.3521792814,23707380,23575220,cwnd: 94135 -> 95315
15.22681713104248,96495.30230991423,117470.60461982846,slow_start,slow_start_growth,0.19808863121409118,142.21622835330322,925444.7868362004,1548347.221687943,23707380,23576400,cwnd: 95315 -> 96495
15.228834867477417,97675.30230991423,117470.60461982846,slow_start,slow_start_growth,0.19778619665863553,142.21622835330322,925444.7868362004,1548219.5588286337,23707380,23577580,cwnd: 96495 -> 97675
15.22982144355774,98855.30230991423,117470.60461982846,slow_start,slow_start_growth,0.19863753734315745,142.21622835330322,925444.7868362004,1548196.7459292759,23707380,23578760,cwnd: 97675 -> 98855
15.231881380081177,100035.30230991423,117470.60461982846,slow_start,slow_start_growth,0.19909658398250274,142.21622835330322,925444.7868362004,1548064.8392414367,23707380,23579940,cwnd: 98855 -> 100035
15.231890439987183,101215.30230991423,117470.60461982846,slow_start,slow_start_growth,0.19836605012696987,142.21622835330322,925444.7868362004,1548141.3874993604,23707380,23581120,cwnd: 100035 -> 101215
15.234805345535278,102395.30230991423,117470.60461982846,slow_start,slow_start_growth,0.19925420239823996,142.21622835330322,925444.7868362004,1547922.6327569091,23707380,23582300,cwnd: 101215 -> 102395
15.234814167022705,103575.30230991423,117470.60461982846,slow_start,slow_start_growth,0.1986630603312573,142.21622835330322,925444.7868362004,1547999.190633308,23707380,23583480,cwnd: 102395 -> 103575
15.234820365905762,103575.30230991423,117470.60461982846,slow_start,periodic,0.1986630603312573,142.21622835330322,925444.7868362004,1547998.5607692383,23707380,23583480,
15.23680067062378,104755.30230991423,117470.60461982846,slow_start,slow_start_growth,0.19895160694747135,142.21622835330322,925444.7868362004,1547874.813737684,23707380,23584660,cwnd: 103575 -> 104755
15.237854957580566,105935.30230991423,117470.60461982846,slow_start,slow_start_growth,0.19845720382240145,142.21622835330322,925444.7868362004,1547845.1570551575,23707380,23585840,cwnd: 104755 -> 105935
15.240834474563599,107115.30230991423,117470.60461982846,slow_start,slow_start_growth,0.19944289197348447,142.21622835330322,925444.7868362004,1547619.9836279228,23707380,23587020,cwnd: 105935 -> 107115
15.240848541259766,108295.30230991423,117470.60461982846,slow_start,slow_start_growth,0.19902469477250145,142.21622835330322,925444.7868362004,1547695.9787470119,23707380,23588200,cwnd: 107115 -> 108295
15.241835117340088,109475.30230991423,117470.60461982846,slow_start,slow_start_growth,0.1990614053651085,142.21622835330322,925444.7868362004,1547673.2177192504,23707380,23589380,cwnd: 108295 -> 109475
15.243908882141113,110655.30230991423,117470.60461982846,slow_start,slow_start_growth,0.19901286806849444,142.21622835330322,925444.7868362004,1547540.0819036213,23707380,23590560,cwnd: 109475 -> 110655
15.244866609573364,111835.30230991423,117470.60461982846,slow_start,slow_start_growth,0.19901270674617458,142.21622835330322,925444.7868362004,1547520.263980862,23707380,23591740,cwnd: 110655 -> 111835
15.246837139129639,113015.30230991423,117470.60461982846,slow_start,slow_start_growth,0.19943508015061642,142.21622835330322,925444.7868362004,1547397.6526876444,23707380,23592920,cwnd: 111835 -> 113015
15.24882435798645,114195.30230991423,117470.60461982846,slow_start,slow_start_growth,0.2012810990106479,142.21622835330322,925444.7868362004,1547273.379645348,23707380,23594100,cwnd: 113015 -> 114195
15.249754905700684,115375.30230991423,117470.60461982846,slow_start,slow_start_growth,0.20127986915342708,142.21622835330322,151269.43392535675,1547256.3425383042,23708560,23595280,cwnd: 114195 -> 115375
15.250857591629028,116555.30230991423,117470.60461982846,slow_start,slow_start_growth,0.20127852591353873,142.21622835330322,152312.6810323073,1547221.8436392555,23710920,23596460,cwnd: 115375 -> 116555
15.252222299575806,117735.30230991423,117470.60461982846,congestion_avoidance,slow_start_growth,0.20051938894291121,142.21622835330322,155126.94744034577,1547160.77018208,23713280,23597640,cwnd: 116555 -> 117735
15.254902839660645,117735.30230991423,117470.60461982846,congestion_avoidance,epoch_start,0.20178061316060714,142.21622835330322,158725.86197496575,1546966.2604894685,23715640,23598820,"W_max=142.22, K=4.74s"
15.33491849899292,118443.93576948957,117470.60461982846,congestion_avoidance,periodic,0.205349476650196,142.21622835330322,907907.9705758259,1543280.4550969219,23784080,23666080,
15.434984683990479,120101.0364324681,117470.60461982846,congestion_avoidance,periodic,0.1472510738293562,142.21622835330322,987308.4881007002,1538703.1789305175,23869040,23749860,
15.536836624145508,122441.487141307,117470.60461982846,congestion_avoidance,periodic,0.1433419730784825,142.21622835330322,1069004.8641409995,1534236.3813593227,23958720,23837180,
15.638875484466553,125051.65537473548,117470.60461982846,congestion_avoidance,periodic,0.14329835122165105,142.21622835330322,1016905.4283953154,1529884.9347425515,24048400,23925680,
15.739711284637451,127590.98866035754,117470.60461982846,congestion_avoidance,periodic,0.1476154749460002,142.21622835330322,980035.7854299914,1525481.6029208417,24138080,24010640,
15.840852499008179,129884.44058318985,117470.60461982846,congestion_avoidance,periodic,0.16776494333434916,142.21622835330322,985539.0828172604,1520360.094351483,24213600,24083800,
15.942023277282715,132470.885448328,117470.60461982846,congestion_avoidance,periodic,0.17468508559450457,142.21622835330322,1197734.553022603,1516040.9428356772,24300920,24168760,
16.043847799301147,134907.05540671528,117470.60461982846,congestion_avoidance,periodic,0.16229761266659187,142.21622835330322,786848.7631160573,1511714.6649232402,24387060,24253720,
16.14399242401123,137099.83299205542,117470.60461982846,congestion_avoidance,periodic,0.1689464849994353,142.21622835330322,1071318.8276548767,1507234.3544840524,24469660,24332780,
16.244885206222534,139250.90523921952,117470.60461982846,congestion_avoidance,periodic,0.17265654187679544,142.21622835330322,979531.4821778456,1502812.7124375552,24549900,24413020,
16.346884727478027,141343.87344397197,117470.60461982846,congestion_avoidance,periodic,0.1789440537665967,142.21622835330322,904804.1535648995,1498416.3899330907,24633680,24494440,
16.447856903076172,143312.31577070148,117470.60461982846,congestion_avoidance,periodic,0.18058060461653888,142.21622835330322,903383.8425875223,1494096.169781481,24716280,24574680,
16.549761056900024,145291.34710689707,117470.60461982846,congestion_avoidance,periodic,0.175731255087917,142.21622835330322,1068197.3366714867,1490101.2718681074,24805960,24660820,
16.64991044998169,147067.5484197666,117470.60461982846,congestion_avoidance,periodic,0.17410897754246715,142.21622835330322,882491.792521798,1486099.2840971833,24889740,24743420,
16.75089383125305,148725.52118901163,117470.60461982846,congestion_avoidance,periodic,0.18242431130985615,142.21622835330322,998744.5706790435,1482000.9158963773,24973520,24824840,
16.852920293807983,150328.61088113458,117470.60461982846,congestion_avoidance,periodic,0.1873017597640409,142.21622835330322,874260.9598841214,1477930.208282737,25056120,24907440,
16.953872680664062,151839.54352401604,117470.60461982846,congestion_avoidance,periodic,0.186105900121657,142.21622835330322,967638.7581137093,1474001.8679331718,25141080,24990040,
17.05483078956604,153254.4369207203,117470.60461982846,congestion_avoidance,periodic,0.18678610957888078,142.21622835330322,842115.0752058803,1470119.5402852762,25224860,25072640,
17.154853582382202,154586.85393868593,117470.60461982846,congestion_avoidance,periodic,0.18841649972081115,142.21622835330322,906527.7163162136,1466362.8505599187,25308640,25155240,
17.25585412979126,155814.94503551873,117470.60461982846,congestion_avoidance,periodic,0.19063666112901326,142.21622835330322,1004216.0332758445,1462498.454737765,25392420,25236660,
17.35591435432434,156963.22999766373,117470.60461982846,congestion_avoidance,periodic,0.19785020184443994,142.21622835330322,841456.479309055,1458690.0743545168,25471480,25316900,
17.457295656204224,158037.9425700366,117470.60461982846,congestion_avoidance,periodic,0.199499387545136,142.21622835330322,840641.8208067941,1454815.2531846478,25554080,25397140,
17.557897567749023,159073.919344231,117470.60461982846,congestion_avoidance,periodic,0.1992218119503648,142.21622835330322,1022008.1194375039,1451183.9986355826,25636680,25479740,
17.66087555885315,160030.04992443326,117470.60461982846,congestion_avoidance,periodic,0.19804696254136336,142.21622835330322,903862.2861004072,1447399.3610801452,25720460,25562340,
17.760883331298828,160887.78666110864,117470.60461982846,congestion_avoidance,periodic,0.19999897960589402,142.21622835330322,870754.010450571,1443767.1551398449,25803060,25642580,
17.861886262893677,161686.51784503172,117470.60461982846,congestion_avoidance,periodic,0.2036239523337892,142.21622835330322,1068312.6230357452,1440095.3864226895,25883300,25722820,
17.961914777755737,162387.57554984104,117470.60461982846,congestion_avoidance,periodic,0.21205521662352572,142.21622835330322,846262.0067026879,1436280.0580675837,25960000,25798340,
18.06295347213745,163065.23498093238,117470.60461982846,congestion_avoidance,periodic,0.21190726844284305,142.21622835330322,893549.029590713,1432622.856495563,26040240,25877400,
18.164840698242188,163694.7372991881,117470.60461982846,congestion_avoidance,periodic,0.21113488892836618,142.21622835330322,1014612.2837228372,1429004.549569869,26120480,25957640,
18.264853477478027,164256.85515792773,117470.60461982846,congestion_avoidance,periodic,0.2127717823525266,142.21622835330322,761814.2626256407,1425508.287384033,26199540,26036700,
18.365833520889282,164753.37836510173,117470.60461982846,congestion_avoidance,periodic,0.21286514574468832,142.21622835330322,911385.456219501,1421846.7117377843,26277420,26113400,
18.465902090072632,165215.59268143962,117470.60461982846,congestion_avoidance,periodic,0.21677510613259374,142.21622835330322,1067045.8400707156,1418422.9869864418,26356480,26192460,
18.566187620162964,165622.41962211346,117470.60461982846,congestion_avoidance,periodic,0.21559855858411264,142.21622835330322,989024.9630310539,1414956.0770069074,26435540,26270340,
18.66689157485962,165987.99796524434,117470.60461982846,congestion_avoidance,periodic,0.21445268974810128,142.21622835330322,1070832.064735282,1411557.9926272838,26514600,26349400,
18.770341634750366,166314.05218491826,117470.60461982846,congestion_avoidance,periodic,0.21529810834978186,142.21622835330322,911016.3859590995,1408053.221102254,26593660,26429640,
18.871854543685913,166591.81714971643,117470.60461982846,congestion_avoidance,periodic,0.2187080081644597,142.21622835330322,798567.0038885393,1404605.9934723694,26673900,26507520,
18.973840951919556,166835.91030618973,117470.60461982846,congestion_avoidance,periodic,0.21842936283878578,142.21622835330322,847015.1150054764,1401222.876663266,26751780,26586580,
19.07391095161438,167038.70045402055,117470.60461982846,congestion_avoidance,periodic,0.22133274573196884,142.21622835330322,842473.44034589,1397892.6538787931,26829660,26663280,
19.17591094970703,167215.5313877811,117470.60461982846,congestion_avoidance,periodic,0.22340856308566323,142.21622835330322,844947.2846777636,1394579.9013219015,26907540,26742340,
19.2769718170166,167360.14698274827,117470.60461982846,congestion_avoidance,periodic,0.22090805657810345,142.21622835330322,778886.5366759517,1391308.7726945085,26985420,26820220,
19.377906799316406,167472.01165422463,117470.60461982846,congestion_avoidance,periodic,0.22641873174030364,142.21622835330322,737982.3633788116,1387837.2044264718,27059760,26893380,
19.478877544403076,167561.10534673356,117470.60461982846,congestion_avoidance,periodic,0.236006229500122,142.21622835330322,848190.8998988877,1384277.915323088,27130560,26964180,
19.579591274261475,167635.3368131117,117470.60461982846,congestion_avoidance,periodic,0.23800041332790758,142.21622835330322,755707.3718927503,1380954.2610597662,27206080,27038520,
19.679872512817383,167690.32144708204,117470.60461982846,congestion_avoidance,periodic,0.23539269112709635,142.21622835330322,864004.8042176561,1377574.9808512782,27278060,27110500,
19.780873775482178,167731.43825388094,117470.60461982846,congestion_avoidance,periodic,0.23573987145250833,142.21622835330322,779794.6588098126,1374239.5967206142,27351220,27183660,
19.88187527656555,167760.33731075327,117470.60461982846,congestion_avoidance,periodic,0.23332349976236919,142.21622835330322,741931.8102776279,1370938.084101512,27424380,27256820,
19.98383378982544,167779.94785941683,117470.60461982846,congestion_avoidance,periodic,0.2364278864580197,142.21622835330322,739824.6165804658,1367663.4967768483,27498720,27331160,
20.085970163345337,167792.61261648184,117470.60461982846,congestion_avoidance,periodic,0.23694234647099915,142.21622835330322,734804.9469230198,1364410.0721613134,27571880,27405500,
20.186846256256104,167801.2587316106,117470.60461982846,congestion_avoidance,periodic,0.2345796207009679,142.21622835330322,736434.0564830521,1361274.5473545045,27647400,27479840,
20.28783655166626,167808.7990809063,117470.60461982846,congestion_avoidance,periodic,0.23317703013157587,142.21622835330322,740112.2622323245,1358162.5586261414,27721740,27554180,
20.388902187347412,167818.24151426213,117470.60461982846,congestion_avoidance,periodic,0.2328158640684472,142.21622835330322,788981.1445879164,1355076.391368694,27794900,27628520,
20.48984980583191,167832.47427395996,117470.60461982846,congestion_avoidance,periodic,0.23405138836684847,142.21622835330322,910982.8489388725,1352028.4561634557,27870420,27702860,
20.59265398979187,167853.8855035756,117470.60461982846,congestion_avoidance,periodic,0.2371486605644417,142.21622835330322,918779.000519789,1348774.1800434496,27942400,27774840,
20.69325566291809,167886.88585761414,117470.60461982846,congestion_avoidance,periodic,0.2390889582798665,142.21622835330322,774522.8900956167,1345809.4972414218,28015560,27849180,
20.794838666915894,167932.77251634275,117470.60461982846,congestion_avoidance,periodic,0.23626875424141805,142.21622835330322,840056.8130898228,1342753.3844936145,28089900,27922340,
20.895323514938354,167994.92377875478,117470.60461982846,congestion_avoidance,periodic,0.23469377376809977,142.21622835330322,844514.7547137616,1339797.3943780116,28163060,27995500,
20.9958393573761,168076.26020649838,117470.60461982846,congestion_avoidance,periodic,0.23564454451117647,142.21622835330322,808349.0486223398,1336867.725182853,28236220,28068660,
21.040921211242676,58840.375933890384,117680.75186778077,slow_start,congestion,0.23569765770903525,142.4706439077249,737234.8502226922,1335405.4091978858,28266900,28098160,"cwnd: 168115 -> 58840, ssthresh: 117681"
21.040931463241577,58840.375933890384,117680.75186778077,slow_start,timeout,0.23569765770903525,142.4706439077249,737234.8502226922,1335404.7585339732,28266900,28098160,"seq=28098160, rto=0.236s"
21.041126012802124,60020.375933890384,117680.75186778077,slow_start,slow_start_growth,0.42425578387626345,142.4706439077249,737234.8502226922,1335448.49182042,28266900,28099340,cwnd: 58840 -> 60020
21.041142463684082,61200.375933890384,117680.75186778077,slow_start,slow_start_growth,0.23602064312817023,142.4706439077249,737234.8502226922,1335503.5283136377,28266900,28100520,cwnd: 60020 -> 61200
21.042855978012085,62380.375933890384,117680.75186778077,slow_start,slow_start_growth,0.23620618047274472,142.4706439077249,737234.8502226922,1335450.8546446252,28266900,28101700,cwnd: 61200 -> 62380
21.04486584663391,63560.375933890384,117680.75186778077,slow_start,slow_start_growth,0.23621242162275807,142.4706439077249,737234.8502226922,1335379.384444734,28266900,28102880,cwnd: 62380 -> 63560
21.04644203186035,64740.375933890384,117680.75186778077,slow_start,slow_start_growth,0.23571355323204712,142.4706439077249,737234.8502226922,1335335.4432761483,28266900,28104060,cwnd: 63560 -> 64740
21.04888081550598,64740.375933890384,117680.75186778077,slow_start,timeout,0.23571355323204712,142.4706439077249,737234.8502226922,1335180.727485364,28266900,28104060,"seq=28104060, rto=0.236s"
21.049505949020386,65920.37593389038,117680.75186778077,slow_start,slow_start_growth,0.42428439581768485,142.4706439077249,737234.8502226922,1335197.133275614,28266900,28105240,cwnd: 64740 -> 65920
21.051130533218384,67100.37593389038,117680.75186778077,slow_start,slow_start_growth,0.2382701319084894,142.4706439077249,737234.8502226922,1335150.1457676333,28266900,28106420,cwnd: 65920 -> 67100
21.051142692565918,68280.37593389038,117680.75186778077,slow_start,slow_start_growth,0.2377417595626465,142.4706439077249,737234.8502226922,1335205.4285360018,28266900,28107600,cwnd: 67100 -> 68280
21.05396342277527,69460.37593389038,117680.75186778077,slow_start,slow_start_growth,0.23815295373650808,142.4706439077249,737234.8502226922,1335082.5892284554,28266900,28108780,cwnd: 68280 -> 69460
21.054892539978027,70640.37593389038,117680.75186778077,slow_start,slow_start_growth,0.238216695347925,142.4706439077249,737234.8502226922,1335079.7182472504,28266900,28109960,cwnd: 69460 -> 70640
21.05625867843628,71820.37593389038,117680.75186778077,slow_start,slow_start_growth,0.23777616081151345,142.4706439077249,737234.8502226922,1335049.1380877947,28266900,28111140,cwnd: 70640 -> 71820
21.059711456298828,73000.37593389038,117680.75186778077,slow_start,slow_start_growth,0.23945786974340777,142.4706439077249,737234.8502226922,1334886.285518968,28266900,28112320,cwnd: 71820 -> 73000
21.060823678970337,74180.37593389038,117680.75186778077,slow_start,slow_start_growth,0.23891772103519263,142.4706439077249,737234.8502226922,1334871.8183359515,28266900,28113500,cwnd: 73000 -> 74180
21.06151556968689,75360.37593389038,117680.75186778077,slow_start,slow_start_growth,0.23809288917210608,142.4706439077249,737234.8502226922,1334883.992891019,28266900,28114680,cwnd: 74180 -> 75360
21.063839197158813,76540.37593389038,117680.75186778077,slow_start,slow_start_growth,0.2372384605778281,142.4706439077249,737234.8502226922,1334792.7572383098,28266900,28115860,cwnd: 75360 -> 76540
21.065340042114258,77720.37593389038,117680.75186778077,slow_start,slow_start_growth,0.2375472601513091,142.4706439077249,737234.8502226922,1334753.67327505,28266900,28117040,cwnd: 76540 -> 77720
21.06684398651123,78900.37593389038,117680.75186778077,slow_start,slow_start_growth,0.2384070032216848,142.4706439077249,737234.8502226922,1334714.3985118822,28266900,28118220,cwnd: 77720 -> 78900
21.070873737335205,80080.37593389038,117680.75186778077,slow_start,slow_start_growth,0.24072910371603456,142.4706439077249,737234.8502226922,1334515.1392642823,28266900,28119400,cwnd: 78900 -> 80080
21.070884943008423,81260.37593389038,117680.75186778077,slow_start,slow_start_growth,0.23974590423635128,142.4706439077249,737234.8502226922,1334570.431002745,28266900,28120580,cwnd: 80080 -> 81260
21.07184362411499,82440.37593389038,117680.75186778077,slow_start,slow_start_growth,0.23873656072517777,142.4706439077249,737234.8502226922,1334565.7125044798,28266900,28121760,cwnd: 81260 -> 82440
21.074731826782227,83620.37593389038,117680.75186778077,slow_start,slow_start_growth,0.23820293395459027,142.4706439077249,737234.8502226922,1334438.8071529698,28266900,28122940,cwnd: 82440 -> 83620
21.07549238204956,84800.37593389038,117680.75186778077,slow_start,slow_start_growth,0.2386156322714363,142.4706439077249,737234.8502226922,1334446.6402101193,28266900,28124120,cwnd: 83620 -> 84800
21.076871156692505,85980.37593389038,117680.75186778077,slow_start,slow_start_growth,0.23877441133594823,142.4706439077249,737234.8502226922,1334415.330952451,28266900,28125300,cwnd: 84800 -> 85980
21.079840898513794,87160.37593389038,117680.75186778077,slow_start,slow_start_growth,0.2389355980715624,142.4706439077249,737234.8502226922,1334283.315296892,28266900,28126480,cwnd: 85980 -> 87160
21.08086609840393,88340.37593389038,117680.75186778077,slow_start,slow_start_growth,0.23889380668342816,142.4706439077249,737234.8502226922,1334274.401663677,28266900,28127660,cwnd: 87160 -> 88340
21.082279443740845,89520.37593389038,117680.75186778077,slow_start,slow_start_growth,0.23808985736860822,142.4706439077249,737234.8502226922,1334240.9237607948,28266900,28128840,cwnd: 88340 -> 89520
21.084839582443237,90700.37593389038,117680.75186778077,slow_start,slow_start_growth,0.23815816872099188,142.4706439077249,737234.8502226922,1334134.8835028885,28266900,28130020,cwnd: 89520 -> 90700
21.086891412734985,91880.37593389038,117680.75186778077,slow_start,slow_start_growth,0.24044085622446668,142.4706439077249,737234.8502226922,1334061.0263213455,28266900,28131200,cwnd: 90700 -> 91880
21.087836265563965,93060.37593389038,117680.75186778077,slow_start,slow_start_growth,0.2395853131089727,142.4706439077249,737234.8502226922,1334057.2093657441,28266900,28132380,cwnd: 91880 -> 93060
21.087844610214233,94240.37593389038,117680.75186778077,slow_start,slow_start_growth,0.2389198331862647,142.4706439077249,737234.8502226922,1334112.6378735295,28266900,28133560,cwnd: 93060 -> 94240
21.09084701538086,95420.37593389038,117680.75186778077,slow_start,slow_start_growth,0.23832180384733193,142.4706439077249,737234.8502226922,1333978.6675936847,28266900,28134740,cwnd: 94240 -> 95420
21.092834949493408,96600.37593389038,117680.75186778077,slow_start,slow_start_growth,0.2383936716792589,142.4706439077249,737234.8502226922,1333908.88741941,28266900,28135920,cwnd: 95420 -> 96600
21.09410786628723,97780.37593389038,117680.75186778077,slow_start,slow_start_growth,0.23834299014930904,142.4706439077249,737234.8502226922,1333884.3329311374,28266900,28137100,cwnd: 96600 -> 97780
21.09586453437805,98960.37593389038,117680.75186778077,slow_start,slow_start_growth,0.23841183517434128,142.4706439077249,737234.8502226922,1333829.194539316,28266900,28138280,cwnd: 97780 -> 98960
21.095872163772583,98960.37593389038,117680.75186778077,slow_start,periodic,0.23841183517434128,142.4706439077249,737234.8502226922,1333828.7121554124,28266900,28138280,
21.098839044570923,100140.37593389038,117680.75186778077,slow_start,slow_start_growth,0.2402518639554556,142.4706439077249,737234.8502226922,1333697.0788087389,28266900,28139460,cwnd: 98960 -> 100140
21.09884762763977,101320.37593389038,117680.75186778077,slow_start,slow_start_growth,0.2399848552634216,142.4706439077249,737234.8502226922,1333752.4634821946,28266900,28140640,cwnd: 100140 -> 101320
21.100824117660522,102500.37593389038,117680.75186778077,slow_start,slow_start_growth,0.23902196706361176,142.4706439077249,737234.8502226922,1333683.4544033972,28266900,28141820,cwnd: 101320 -> 102500
21.103829622268677,103680.37593389038,117680.75186778077,slow_start,slow_start_growth,0.23950547997435073,142.4706439077249,737234.8502226922,1333549.431725113,28266900,28143000,cwnd: 102500 -> 103680
21.10499882698059,104860.37593389038,117680.75186778077,slow_start,slow_start_growth,0.23995192778017638,142.4706439077249,737234.8502226922,1333531.4647836196,28266900,28144180,cwnd: 103680 -> 104860
21.107243299484253,106040.37593389038,117680.75186778077,slow_start,slow_start_growth,0.24045309081340085,142.4706439077249,737234.8502226922,1333445.5665599743,28266900,28145360,cwnd: 104860 -> 106040
21.107252836227417,107220.37593389038,117680.75186778077,slow_start,slow_start_growth,0.23958128550167634,142.4706439077249,737234.8502226922,1333500.8690325967,28266900,28146540,cwnd: 106040 -> 107220
21.109845638275146,108400.37593389038,117680.75186778077,slow_start,slow_start_growth,0.23904141640096457,142.4706439077249,737234.8502226922,1333392.9808072206,28266900,28147720,cwnd: 107220 -> 108400
21.110843896865845,109580.37593389038,117680.75186778077,slow_start,slow_start_growth,0.23913126502014995,142.4706439077249,737234.8502226922,1333385.8247220065,28266900,28148900,cwnd: 108400 -> 109580
21.113298416137695,110760.37593389038,117680.75186778077,slow_start,slow_start_growth,0.2408057731706727,142.4706439077249,737234.8502226922,1333286.7013561379,28266900,28150080,cwnd: 109580 -> 110760
21.113309383392334,111940.37593389038,117680.75186778077,slow_start,slow_start_growth,0.24138258074358765,142.4706439077249,737234.8502226922,1333341.8977009684,28266900,28151260,cwnd: 110760 -> 111940
21.115839958190918,113120.37593389038,117680.75186778077,slow_start,slow_start_growth,0.24046845044757567,142.4706439077249,737234.8502226922,1333237.9889098164,28266900,28152440,cwnd: 111940 -> 113120
21.117846727371216,114300.37593389038,117680.75186778077,slow_start,slow_start_growth,0.240838175425401,142.4706439077249,737234.8502226922,1333167.1719877385,28266900,28153620,cwnd: 113120 -> 114300
21.117867946624756,115480.37593389038,117680.75186778077,slow_start,slow_start_growth,0.24100067381821805,142.4706439077249,737234.8502226922,1333221.7092729737,28266900,28154800,cwnd: 114300 -> 115480
21.12084650993347,116660.37593389038,117680.75186778077,slow_start,slow_start_growth,0.24057903936941566,142.4706439077249,133078.7543088845,1333089.560911197,28270440,28155980,cwnd: 115480 -> 116660
21.120857000350952,117840.37593389038,117680.75186778077,congestion_avoidance,slow_start_growth,0.24019122801451756,142.4706439077249,133078.7543088845,1333144.7677304065,28270440,28157160,cwnd: 116660 -> 117840
21.123903512954712,117840.37593389038,117680.75186778077,congestion_avoidance,epoch_start,0.23941337546820424,142.4706439077249,137160.6848502652,1333008.3610129757,28275160,28158340,"W_max=142.47, K=4.75s"
21.19607901573181,118406.14439476076,117680.75186778077,congestion_avoidance,periodic,0.24053485620878576,142.4706439077249,785288.1745339151,1330974.468393959,28329440,28211440,
21.298856019973755,119873.36792870084,117680.75186778077,congestion_avoidance,periodic,0.2587041667680497,142.4706439077249,843938.7364651718,1327876.012377253,28400240,28282240,
21.400464296340942,122084.30712137558,117680.75186778077,congestion_avoidance,periodic,0.17300088488145496,142.4706439077249,842990.0223126842,1324989.9444867752,28476940,28355400,
21.4292151927948,42947.13042505047,85894.26085010094,slow_start,congestion,0.17184799541159748,103.98820926162342,777760.4651528246,1324093.2878186018,28497000,28374280,"cwnd: 122706 -> 42947, ssthresh: 85894"
21.429224729537964,42947.13042505047,85894.26085010094,slow_start,timeout,0.17184799541159748,103.98820926162342,777760.4651528246,1324092.6985514786,28497000,28374280,"seq=28374280, rto=0.172s"
21.429877042770386,44127.13042505047,85894.26085010094,slow_start,slow_start_growth,0.30932639174087545,103.98820926162342,777760.4651528246,1324107.4572368013,28497000,28375460,cwnd: 42947 -> 44127
21.431830644607544,45307.13042505047,85894.26085010094,slow_start,slow_start_growth,0.17369224916446843,103.98820926162342,777760.4651528246,1324041.8175448694,28497000,28376640,cwnd: 44127 -> 45307
21.432125568389893,46487.13042505047,85894.26085010094,slow_start,slow_start_growth,0.17405583364793392,103.98820926162342,777760.4651528246,1324078.6551686814,28497000,28377820,cwnd: 45307 -> 46487
21.433847188949585,47667.13042505047,85894.26085010094,slow_start,slow_start_growth,0.1738663026615892,103.98820926162342,777760.4651528246,1324027.3549505873,28497000,28379000,cwnd: 46487 -> 47667
21.43585181236267,48847.13042505047,85894.26085010094,slow_start,slow_start_growth,0.17311981341408939,103.98820926162342,777760.4651528246,1323958.583424818,28497000,28380180,cwnd: 47667 -> 48847
21.437219858169556,50027.13042505047,85894.26085010094,slow_start,slow_start_growth,0.17408089222587175,103.98820926162342,777760.4651528246,1323929.1376294808,28497000,28381360,cwnd: 48847 -> 50027
21.440845727920532,51207.13042505047,85894.26085010094,slow_start,slow_start_growth,0.17704684176280266,103.98820926162342,777760.4651528246,1323760.2826011619,28497000,28382540,cwnd: 50027 -> 51207
21.442868947982788,52387.13042505047,85894.26085010094,slow_start,slow_start_growth,0.1786104779580481,103.98820926162342,777760.4651528246,1323690.4104975264,28497000,28383720,cwnd: 51207 -> 52387
21.44287919998169,53567.13042505047,85894.26085010094,slow_start,slow_start_growth,0.17753967332017012,103.98820926162342,777760.4651528246,1323744.8075547726,28497000,28384900,cwnd: 52387 -> 53567
21.44385528564453,54747.13042505047,85894.26085010094,slow_start,slow_start_growth,0.17614479358666188,103.98820926162342,777760.4651528246,1323739.58049432,28497000,28386080,cwnd: 53567 -> 54747
21.445584297180176,55927.13042505047,85894.26085010094,slow_start,slow_start_growth,0.17506144150704162,103.98820926162342,777760.4651528246,1323687.8793613736,28497000,28387260,cwnd: 54747 -> 55927
21.448852062225342,57107.13042505047,85894.26085010094,slow_start,slow_start_growth,0.1759480318451462,103.98820926162342,777760.4651528246,1323541.2281105858,28497000,28388440,cwnd: 55927 -> 57107
21.44987416267395,58287.13042505047,85894.26085010094,slow_start,slow_start_growth,0.17662058594821314,103.98820926162342,777760.4651528246,1323533.172488362,28497000,28389620,cwnd: 57107 -> 58287
21.450847625732422,59467.13042505047,85894.26085010094,slow_start,slow_start_growth,0.17772187409946227,103.98820926162342,777760.4651528246,1323528.1185785132,28497000,28390800,cwnd: 58287 -> 59467
21.45282292366028,60647.13042505047,85894.26085010094,slow_start,slow_start_growth,0.17792027796332294,103.98820926162342,777760.4651528246,1323461.2573381444,28497000,28391980,cwnd: 59467 -> 60647
21.45483136177063,61827.13042505047,85894.26085010094,slow_start,slow_start_growth,0.17756516656532084,103.98820926162342,777760.4651528246,1323392.3642295534,28497000,28393160,cwnd: 60647 -> 61827
21.455841064453125,63007.13042505047,85894.26085010094,slow_start,slow_start_growth,0.17754494094591242,103.98820926162342,777760.4651528246,1323385.082631051,28497000,28394340,cwnd: 61827 -> 63007
21.45928645133972,64187.13042505047,85894.26085010094,slow_start,slow_start_growth,0.17736456585631274,103.98820926162342,777760.4651528246,1323227.594933719,28497000,28395520,cwnd: 63007 -> 64187
21.46082377433777,65367.13042505047,85894.26085010094,slow_start,slow_start_growth,0.1767818007003911,103.98820926162342,777760.4651528246,1323187.790859918,28497000,28396700,cwnd: 64187 -> 65367
21.461079597473145,66547.13042505048,85894.26085010094,slow_start,slow_start_growth,0.17586047314953396,103.98820926162342,777760.4651528246,1323227.0012801967,28497000,28397880,cwnd: 65367 -> 66547
21.462658166885376,67727.13042505048,85894.26085010094,slow_start,slow_start_growth,0.17473509893337782,103.98820926162342,777760.4651528246,1323184.6577054823,28497000,28399060,cwnd: 66547 -> 67727
21.464859008789062,68907.13042505048,85894.26085010094,slow_start,slow_start_growth,0.173633479845161,103.98820926162342,777760.4651528246,1323103.9620791897,28497000,28400240,cwnd: 67727 -> 68907
21.46682858467102,70087.13042505048,85894.26085010094,slow_start,slow_start_growth,0.17444503434097872,103.98820926162342,777760.4651528246,1323037.5361678165,28497000,28401420,cwnd: 68907 -> 70087
21.467823266983032,71267.13042505048,85894.26085010094,slow_start,slow_start_growth,0.17390800041288276,103.98820926162342,777760.4651528246,1323031.2010106063,28497000,28402600,cwnd: 70087 -> 71267
21.471460103988647,72447.13042505048,85894.26085010094,slow_start,slow_start_growth,0.17394013927777713,103.98820926162342,777760.4651528246,1322862.06259087,28497000,28403780,cwnd: 71267 -> 72447
21.474123239517212,73627.13042505048,85894.26085010094,slow_start,slow_start_growth,0.17463284197073198,103.98820926162342,777760.4651528246,1322752.9563455468,28497000,28404960,cwnd: 72447 -> 73627
21.474140167236328,74807.13042505048,85894.26085010094,slow_start,slow_start_growth,0.17499855589180272,103.98820926162342,777760.4651528246,1322806.8634543053,28497000,28406140,cwnd: 73627 -> 74807
21.474823713302612,75987.13042505048,85894.26085010094,slow_start,slow_start_growth,0.17399895511414185,103.98820926162342,777760.4651528246,1322819.7064268817,28497000,28407320,cwnd: 74807 -> 75987
21.476827144622803,77167.13042505048,85894.26085010094,slow_start,slow_start_growth,0.17483161163344954,103.98820926162342,777760.4651528246,1322751.2522543487,28497000,28408500,cwnd: 75987 -> 77167
21.478452444076538,78347.13042505048,85894.26085010094,slow_start,slow_start_growth,0.17374226059004713,103.98820926162342,777760.4651528246,1322706.0969113256,28497000,28409680,cwnd: 77167 -> 78347
21.480839729309082,79527.13042505048,85894.26085010094,slow_start,slow_start_growth,0.17298101516840297,103.98820926162342,777760.4651528246,1322614.0298991848,28497000,28410860,cwnd: 78347 -> 79527
21.483184337615967,80707.13042505048,85894.26085010094,slow_start,slow_start_growth,0.17384290017288204,103.98820926162342,777760.4651528246,1322524.6105742322,28497000,28412040,cwnd: 79527 -> 80707
21.483981132507324,81887.13042505048,85894.26085010094,slow_start,slow_start_growth,0.17317474097554886,103.98820926162342,777760.4651528246,1322530.4856094886,28497000,28413220,cwnd: 80707 -> 81887
21.486382722854614,83067.13042505048,85894.26085010094,slow_start,slow_start_growth,0.17337692568659577,103.98820926162342,777760.4651528246,1322437.58135129,28497000,28414400,cwnd: 81887 -> 83067
21.48793935775757,84247.13042505048,85894.26085010094,slow_start,slow_start_growth,0.17320862432832027,103.98820926162342,162688.02145822582,1322396.6955091679,28498180,28415580,cwnd: 83067 -> 84247
21.48794960975647,85427.13042505048,85894.26085010094,slow_start,slow_start_growth,0.17342630683219074,103.98820926162342,162688.02145822582,1322450.979087253,28498180,28416760,cwnd: 84247 -> 85427
21.49030351638794,86607.13042505048,85894.26085010094,congestion_avoidance,slow_start_growth,0.17332772004997002,103.98820926162342,174436.21471116907,1322361.0349816245,28502900,28417940,cwnd: 85427 -> 86607
21.491872787475586,86607.13042505048,85894.26085010094,congestion_avoidance,epoch_start,0.17373710925411606,103.98820926162342,177678.80754760333,1322319.3846820681,28505260,28419120,"W_max=103.99, K=4.27s"
21.50083589553833,86703.54888862323,85894.26085010094,congestion_avoidance,periodic,0.1779009048216581,103.98820926162342,992515.6860385834,1322042.55397803,28511160,28425020,
21.601840496063232,87677.78367185112,85894.26085010094,congestion_avoidance,periodic,0.17721582357001042,103.98820926162342,827112.9917443765,1319193.149546371,28584320,28497000,
21.702244758605957,88994.89924877636,85894.26085010094,congestion_avoidance,periodic,0.12783266277950625,103.98820926162342,730111.3353395881,1316352.3090703108,28656300,28567800,
21.80429720878601,90838.35810161721,85894.26085010094,congestion_avoidance,periodic,0.13504129107303356,103.98820926162342,742510.6096975516,1313384.225402165,28727100,28637420,
21.90585446357727,92924.33728798728,85894.26085010094,congestion_avoidance,periodic,0.1325621108681067,103.98820926162342,771528.5850130166,1310581.1529851502,28801440,28709400,
22.006889820098877,94972.82327029797,85894.26085010094,congestion_avoidance,periodic,0.13855705978981894,103.98820926162342,740776.9143267677,1307781.3464451965,28874600,28780200,
22.10805368423462,96904.79037737248,85894.26085010094,congestion_avoidance,periodic,0.14359251336802517,103.98820926162342,842717.3029116294,1304839.4224124437,28944220,28847460,
22.20984673500061,98883.59194372514,85894.26085010094,congestion_avoidance,periodic,0.14123931700703557,103.98820926162342,809764.1884816753,1302099.9354500591,29017380,28919440,
22.309850454330444,100727.10081782042,85894.26085010094,congestion_avoidance,periodic,0.14332881352197804,103.98820926162342,858817.3870794218,1299436.769392278,29090540,28990240,
22.410542726516724,102430.13849960415,85894.26085010094,congestion_avoidance,periodic,0.14853670569433858,103.98820926162342,737476.5269478923,1296652.2209931593,29160160,29058680,
22.511224269866943,104108.55943893798,85894.26085010094,congestion_avoidance,periodic,0.15017491467746982,103.98820926162342,931436.0734718458,1293998.0363036992,29233320,29129480,
22.61166787147522,105641.0854650816,85894.26085010094,congestion_avoidance,periodic,0.15246097705864922,103.98820926162342,843449.7384072667,1291276.705723835,29302940,29197920,
22.712860584259033,107116.02073397371,85894.26085010094,congestion_avoidance,periodic,0.1553180876002322,103.98820926162342,844687.7135494001,1288588.8984095484,29373740,29267540,
22.804841995239258,37929.19412225072,75858.38824450145,slow_start,congestion,0.1551704241060444,91.8382424267572,806952.0030000163,1286133.8835902899,29438640,29330080,"cwnd: 108369 -> 37929, ssthresh: 75858"
22.804849863052368,37929.19412225072,75858.38824450145,slow_start,timeout,0.1551704241060444,91.8382424267572,806952.0030000163,1286133.4398662096,29438640,29330080,"seq=29330080, rto=0.155s"
22.80521821975708,39109.19412225072,75858.38824450145,slow_start,slow_start_growth,0.2793067633908799,91.8382424267572,806952.0030000163,1286164.4083979493,29438640,29331260,cwnd: 37929 -> 39109
22.80786943435669,40289.19412225072,75858.38824450145,slow_start,slow_start_growth,0.15708086736345325,91.8382424267572,806952.0030000163,1286066.63960532,29438640,29332440,cwnd: 39109 -> 40289
22.80869746208191,41469.19412225072,75858.38824450145,slow_start,slow_start_growth,0.15685590949065106,91.8382424267572,806952.0030000163,1286071.6859770438,29438640,29333620,cwnd: 40289 -> 41469
22.810471773147583,42649.19412225072,75858.38824450145,slow_start,slow_start_growth,0.15779338069847457,91.8382424267572,806952.0030000163,1286023.3796011547,29438640,29334800,cwnd: 41469 -> 42649
22.81284236907959,43829.19412225072,75858.38824450145,slow_start,slow_start_growth,0.15911309023890802,91.8382424267572,806952.0030000163,1285941.467765623,29438640,29335980,cwnd: 42649 -> 43829
22.813820123672485,45009.19412225072,75858.38824450145,slow_start,slow_start_growth,0.15913219242672352,91.8382424267572,806952.0030000163,1285938.077926662,29438640,29337160,cwnd: 43829 -> 45009
22.813827991485596,45009.19412225072,75858.38824450145,slow_start,periodic,0.15913219242672352,91.8382424267572,806952.0030000163,1285937.634444732,29438640,29337160,
22.81548309326172,46189.19412225072,75858.38824450145,slow_start,slow_start_growth,0.159058899104502,91.8382424267572,806952.0030000163,1285896.0680374429,29438640,29338340,cwnd: 45009 -> 46189
22.81724500656128,47369.19412225072,75858.38824450145,slow_start,slow_start_growth,0.1589468417709468,91.8382424267572,806952.0030000163,1285848.4883500698,29438640,29339520,cwnd: 46189 -> 47369
22.81884527206421,48549.19412225072,75858.38824450145,slow_start,slow_start_growth,0.15860014072116593,91.8382424267572,806952.0030000163,1285810.024572984,29438640,29340700,cwnd: 47369 -> 48549
22.820746660232544,49729.19412225072,75858.38824450145,slow_start,slow_start_growth,0.15806840197630165,91.8382424267572,806952.0030000163,1285754.600270428,29438640,29341880,cwnd: 48549 -> 49729
22.822511672973633,50909.19412225072,75858.38824450145,slow_start,slow_start_growth,0.15793905480453213,91.8382424267572,806952.0030000163,1285706.867870638,29438640,29343060,cwnd: 49729 -> 50909
22.823826551437378,52089.19412225072,75858.38824450145,slow_start,slow_start_growth,0.15762295380570102,91.8382424267572,806952.0030000163,1285684.4987788424,29438640,29344240,cwnd: 50909 -> 52089
22.82587218284607,53269.19412225072,75858.38824450145,slow_start,slow_start_growth,0.1578156862963084,91.8382424267572,806952.0030000163,1285620.9727684997,29438640,29345420,cwnd: 52089 -> 53269
22.827786922454834,54449.19412225072,75858.38824450145,slow_start,slow_start_growth,0.1580919686327716,91.8382424267572,806952.0030000163,1285564.8293761169,29438640,29346600,cwnd: 53269 -> 54449
22.830163955688477,55629.19412225072,75858.38824450145,slow_start,slow_start_growth,0.15829786749796312,91.8382424267572,806952.0030000163,1285482.664818426,29438640,29347780,cwnd: 54449 -> 55629
22.83184027671814,56809.19412225072,75858.38824450145,slow_start,slow_start_growth,0.15887270417134994,91.8382424267572,806952.0030000163,1285439.96648082,29438640,29348960,cwnd: 55629 -> 56809
22.832842111587524,57989.19412225072,75858.38824450145,slow_start,slow_start_growth,0.15849825599362846,91.8382424267572,806952.0030000163,1285435.2452735172,29438640,29350140,cwnd: 56809 -> 57989
22.83482265472412,59169.19412225072,75858.38824450145,slow_start,slow_start_growth,0.15849185290216125,91.8382424267572,806952.0030000163,1285375.4304909275,29438640,29351320,cwnd: 57989 -> 59169
22.836591482162476,60349.19412225072,75858.38824450145,slow_start,slow_start_growth,0.15796367313528314,91.8382424267572,806952.0030000163,1285327.5421127125,29438640,29352500,cwnd: 59169 -> 60349
22.8378643989563,61529.19412225072,75858.38824450145,slow_start,slow_start_growth,0.15765180867014442,91.8382424267572,806952.0030000163,1285307.5702359227,29438640,29353680,cwnd: 60349 -> 61529
22.839871168136597,62709.19412225072,75858.38824450145,slow_start,slow_start_growth,0.1575622247251845,91.8382424267572,806952.0030000163,1285246.3038824983,29438640,29354860,cwnd: 61529 -> 62709
22.841873168945312,63889.19412225072,75858.38824450145,slow_start,slow_start_growth,0.15795645924859117,91.8382424267572,806952.0030000163,1285185.3165838881,29438640,29356040,cwnd: 62709 -> 63889
22.84361219406128,65069.19412225072,75858.38824450145,slow_start,slow_start_growth,0.158461615427388,91.8382424267572,806952.0030000163,1285139.13432798,29438640,29357220,cwnd: 63889 -> 65069
22.845837593078613,66249.19412225072,75858.38824450145,slow_start,slow_start_growth,0.15935543299204563,91.8382424267572,806952.0030000163,1285065.6002603483,29438640,29358400,cwnd: 65069 -> 66249
22.84681987762451,67429.19412225072,75858.38824450145,slow_start,slow_start_growth,0.15863262489782842,91.8382424267572,806952.0030000163,1285061.9980049778,29438640,29359580,cwnd: 66249 -> 67429
22.848711252212524,68609.19412225072,75858.38824450145,slow_start,slow_start_growth,0.1581820907654341,91.8382424267572,806952.0030000163,1285007.266970337,29438640,29360760,cwnd: 67429 -> 68609
22.850400924682617,69789.19412225072,75858.38824450145,slow_start,slow_start_growth,0.15821978874671566,91.8382424267572,806952.0030000163,1284963.8873637323,29438640,29361940,cwnd: 68609 -> 69789
22.852150440216064,70969.19412225072,75858.38824450145,slow_start,slow_start_growth,0.158865148118609,91.8382424267572,806952.0030000163,1284917.1493430084,29438640,29363120,cwnd: 69789 -> 70969
22.853867053985596,72149.19412225072,75858.38824450145,slow_start,slow_start_growth,0.15873679085635198,91.8382424267572,806952.0030000163,1284872.2682526945,29438640,29364300,cwnd: 70969 -> 72149
22.855667114257812,73329.19412225072,75858.38824450145,slow_start,slow_start_growth,0.1582674184870666,91.8382424267572,806952.0030000163,1284822.7029733574,29438640,29365480,cwnd: 72149 -> 73329
22.857436418533325,74509.19412225072,75858.38824450145,slow_start,slow_start_growth,0.15837670596398062,91.8382424267572,179234.6730210695,1284774.8742369397,29439820,29366660,cwnd: 73329 -> 74509
22.859842538833618,75689.19412225072,75858.38824450145,slow_start,slow_start_growth,0.1592837994859439,91.8382424267572,183805.6174726201,1284691.2637351193,29442180,29367840,cwnd: 74509 -> 75689
22.86088728904724,76869.19412225072,75858.38824450145,congestion_avoidance,slow_start_growth,0.1590350280898087,91.8382424267572,188140.43480078917,1284684.1694578861,29444540,29369020,cwnd: 75689 -> 76869
22.862838983535767,76869.19412225072,75858.38824450145,congestion_avoidance,epoch_start,0.1591348723178603,91.8382424267572,193566.35287399928,1284626.11406879,29446900,29370200,"W_max=91.84, K=4.10s"
22.91384243965149,77410.76657503858,75858.38824450145,congestion_avoidance,periodic,0.16178491397763864,91.8382424267572,786236.2738089565,1283260.1113254067,29481120,29404420,
23.013901948928833,78411.69219062335,75858.38824450145,congestion_avoidance,periodic,0.12855395663892066,91.8382424267572,743838.5740264815,1280552.0795821277,29548380,29470500,
23.11541771888733,79731.9097663768,75858.38824450145,congestion_avoidance,periodic,0.12004524477991546,91.8382424267572,878513.0056623534,1277991.1814382726,29620360,29541300,
23.21574640274048,81457.85573339263,75858.38824450145,congestion_avoidance,periodic,0.11635625799663692,91.8382424267572,918199.4582761307,1275467.0681837138,29692340,29610920,
23.316269874572754,83307.95770277994,75858.38824450145,congestion_avoidance,periodic,0.11926080727594371,91.8382424267572,766011.7812756342,1272954.0428062945,29763140,29680540,
23.41751980781555,85153.05379267367,75858.38824450145,congestion_avoidance,periodic,0.12407391272725213,91.8382424267572,845322.5025192574,1270423.180770448,29835120,29750160,
23.518632888793945,86920.21759718306,75858.38824450145,congestion_avoidance,periodic,0.12621503424517955,91.8382424267572,790089.5118291242,1267871.314671859,29904740,29818600,
23.619924068450928,88597.8641011358,75858.38824450145,congestion_avoidance,periodic,0.1351892353664698,91.8382424267572,795947.1092455895,1265281.7982560098,29974360,29885860,
23.721322536468506,90234.88690285901,75858.38824450145,congestion_avoidance,periodic,0.13531042271517552,91.8382424267572,717661.2029464649,1262758.4298450935,30043980,29954300,
23.823206424713135,91797.1003294512,75858.38824450145,congestion_avoidance,periodic,0.13653769816440922,91.8382424267572,763695.0823213542,1260280.3948697066,30114780,30023920,
23.92433214187622,93226.25545721254,75858.38824450145,congestion_avoidance,periodic,0.14039789165728556,91.8382424267572,785225.8797398064,1257764.6816451594,30183220,30091180,
24.025618314743042,94568.95065287453,75858.38824450145,congestion_avoidance,periodic,0.14429070180338707,91.8382424267572,796011.1168296449,1255212.6486374068,30251660,30157260,
24.12697196006775,95856.94682549969,75858.38824450145,congestion_avoidance,periodic,0.144465810460191,91.8382424267572,745564.1836012232,1252727.4475232211,30320100,30224520,
24.22785758972168,97060.04060380744,75858.38824450145,congestion_avoidance,periodic,0.14586557672091333,91.8382424267572,787850.7991085642,1250287.1905954594,30388540,30291780,
24.328349113464355,98187.35588190281,75858.38824450145,congestion_avoidance,periodic,0.14852938781347336,91.8382424267572,820612.6011407349,1247887.386785238,30456980,30359040,
24.428864240646362,99229.3191407396,75858.38824450145,congestion_avoidance,periodic,0.14758566561907618,91.8382424267572,839230.6304473158,1245506.1234232374,30525420,30426300,
24.529626846313477,100198.28893281944,75858.38824450145,congestion_avoidance,periodic,0.15013342456638587,91.8382424267572,755649.6816648091,1243131.833641523,30592680,30493560,
24.630117416381836,101086.39862388023,75858.38824450145,congestion_avoidance,periodic,0.153863950356334,91.8382424267572,739581.398684997,1240742.7655896742,30659940,30559640,
24.730513334274292,101901.82288296621,75858.38824450145,congestion_avoidance,periodic,0.1579659325764631,91.8382424267572,737278.7796630368,1238330.1384026313,30726020,30624540,
24.831515550613403,102670.98135280873,75858.38824450145,congestion_avoidance,periodic,0.15833738268902547,91.8382424267572,740389.0556045896,1235954.363616838,30792100,30690620,
24.93291997909546,103385.65899177329,75858.38824450145,congestion_avoidance,periodic,0.1577672868888277,91.8382424267572,736445.0145078491,1233625.264340814,30860540,30757880,
25.034842491149902,104037.06771524742,75858.38824450145,congestion_avoidance,periodic,0.1608617757651462,91.8382424267572,727952.8629631264,1231289.5521869983,30928980,30825140,
25.134856462478638,104620.64361465992,75858.38824450145,congestion_avoidance,periodic,0.15971814430863748,91.8382424267572,695211.2935623885,1229019.1529883798,30995060,30891220,
25.23583149909973,105142.79883692671,75858.38824450145,congestion_avoidance,periodic,0.16306656609873912,91.8382424267572,693788.4576026466,1226673.2721330912,31061140,30956120,
25.336873292922974,105615.92307157489,75858.38824450145,congestion_avoidance,periodic,0.1661237609108242,91.8382424267572,695025.7997472265,1224342.8635160245,31126040,31021020,
25.377829551696777,37024.69583038723,74049.39166077446,slow_start,congestion,0.16542805332347485,89.64817392345577,696551.7381146733,1223343.3886360175,31152000,31045800,"cwnd: 105785 -> 37025, ssthresh: 74049"
25.377837419509888,37024.69583038723,74049.39166077446,slow_start,timeout,0.16542805332347485,89.64817392345577,696551.7381146733,1223343.0093666182,31152000,31045800,"seq=31045800, rto=0.165s"
25.378884315490723,38204.69583038723,74049.39166077446,slow_start,slow_start_growth,0.29777049598225475,89.64817392345577,696551.7381146733,1223339.0409936025,31152000,31046980,cwnd: 37025 -> 38205
25.38070321083069,39384.69583038723,74049.39166077446,slow_start,slow_start_growth,0.16874664362996894,89.64817392345577,696551.7381146733,1223297.8630296912,31152000,31048160,cwnd: 38205 -> 39385
25.381826162338257,40564.69583038723,74049.39166077446,slow_start,slow_start_growth,0.17005030141630045,89.64817392345577,696551.7381146733,1223290.2314204343,31152000,31049340,cwnd: 39385 -> 40565
25.383846282958984,41744.69583038723,74049.39166077446,slow_start,slow_start_growth,0.17171654195192534,89.64817392345577,696551.7381146733,1223239.3646681213,31152000,31050520,cwnd: 40565 -> 41745
25.386101722717285,42924.69583038723,74049.39166077446,slow_start,slow_start_growth,0.17296157664241776,89.64817392345577,696551.7381146733,1223177.1675370203,31152000,31051700,cwnd: 41745 -> 42925
25.387914657592773,44104.69583038723,74049.39166077446,slow_start,slow_start_growth,0.17337149790761974,89.64817392345577,696551.7381146733,1223136.3000392395,31152000,31052880,cwnd: 42925 -> 44105
25.388884782791138,45284.69583038723,74049.39166077446,slow_start,slow_start_growth,0.17228323820536068,89.64817392345577,696551.7381146733,1223136.0402662815,31152000,31054060,cwnd: 44105 -> 45285
25.390878438949585,46464.69583038723,74049.39166077446,slow_start,slow_start_growth,0.17144742754699221,89.64817392345577,696551.7381146733,1223086.4747224061,31152000,31055240,cwnd: 45285 -> 46465
25.39288330078125,47644.69583038723,74049.39166077446,slow_start,slow_start_growth,0.17070221932166416,89.64817392345577,696551.7381146733,1223036.377245293,31152000,31056420,cwnd: 46465 -> 47645
25.39493179321289,48824.69583038723,74049.39166077446,slow_start,slow_start_growth,0.17010575394298788,89.64817392345577,696551.7381146733,1222984.1864863967,31152000,31057600,cwnd: 47645 -> 48825
25.396870136260986,50004.69583038723,74049.39166077446,slow_start,slow_start_growth,0.1704768662912568,89.64817392345577,696551.7381146733,1222937.308154956,31152000,31058780,cwnd: 48825 -> 50005
25.39884614944458,51184.69583038723,74049.39166077446,slow_start,slow_start_growth,0.17189461429508074,89.64817392345577,696551.7381146733,1222888.6232565811,31152000,31059960,cwnd: 50005 -> 51185
25.400824069976807,52364.69583038723,74049.39166077446,slow_start,slow_start_growth,0.17149701793788216,89.64817392345577,696551.7381146733,1222839.8541098342,31152000,31061140,cwnd: 51185 -> 52365
25.402859926223755,53544.69583038723,74049.39166077446,slow_start,slow_start_growth,0.17117662011276044,89.64817392345577,696551.7381146733,1222788.3037662976,31152000,31062320,cwnd: 52365 -> 53545
25.405853271484375,54724.69583038723,74049.39166077446,slow_start,slow_start_growth,0.17312451818837887,89.64817392345577,696551.7381146733,1222690.6795083238,31152000,31063500,cwnd: 53545 -> 54725
25.40784239768982,55904.69583038723,74049.39166077446,slow_start,slow_start_growth,0.17307761493099208,89.64817392345577,696551.7381146733,1222641.3999964248,31152000,31064680,cwnd: 54725 -> 55905
25.408875465393066,57084.69583038723,74049.39166077446,slow_start,slow_start_growth,0.17320071052133762,89.64817392345577,696551.7381146733,1222638.1306135235,31152000,31065860,cwnd: 55905 -> 57085
25.41085910797119,58264.69583038723,74049.39166077446,slow_start,slow_start_growth,0.17395708507361626,89.64817392345577,696551.7381146733,1222589.1249089846,31152000,31067040,cwnd: 57085 -> 58265
25.413866758346558,59444.69583038723,74049.39166077446,slow_start,slow_start_growth,0.17545784705388107,89.64817392345577,696551.7381146733,1222490.8667153695,31152000,31068220,cwnd: 58265 -> 59445
25.413878440856934,60624.69583038723,74049.39166077446,slow_start,slow_start_growth,0.17403299162632413,89.64817392345577,696551.7381146733,1222536.7360713782,31152000,31069400,cwnd: 59445 -> 60625
25.41684627532959,61804.69583038723,74049.39166077446,slow_start,slow_start_growth,0.17395084833364408,89.64817392345577,696551.7381146733,1222440.4107191735,31152000,31070580,cwnd: 60625 -> 61805
25.41788339614868,62984.69583038723,74049.39166077446,slow_start,slow_start_growth,0.17307578400482684,89.64817392345577,696551.7381146733,1222436.9557344022,31152000,31071760,cwnd: 61805 -> 62985
25.419827699661255,64164.69583038723,74049.39166077446,slow_start,slow_start_growth,0.17315332565999986,89.64817392345577,696551.7381146733,1222389.8748304292,31152000,31072940,cwnd: 62985 -> 64165
25.421879529953003,65344.69583038723,74049.39166077446,slow_start,slow_start_growth,0.1721306829010239,89.64817392345577,696551.7381146733,1222337.6309917336,31152000,31074120,cwnd: 64165 -> 65345
25.42384123802185,66524.69583038724,74049.39166077446,slow_start,slow_start_growth,0.17141643911111323,89.64817392345577,696551.7381146733,1222289.72833288,31152000,31075300,cwnd: 65345 -> 66525
25.425867557525635,67704.69583038724,74049.39166077446,slow_start,slow_start_growth,0.17173090931646162,89.64817392345577,696551.7381146733,1222238.7271423459,31152000,31076480,cwnd: 66525 -> 67705
25.427839994430542,68884.69583038724,74049.39166077446,slow_start,slow_start_growth,0.17186241963806362,89.64817392345577,696551.7381146733,1222190.3239444222,31152000,31077660,cwnd: 67705 -> 68885
25.429851531982422,70064.69583038724,74049.39166077446,slow_start,slow_start_growth,0.17176814927080675,89.64817392345577,696551.7381146733,1222140.0491038258,31152000,31078840,cwnd: 68885 -> 70065
25.431862115859985,71244.69583038724,74049.39166077446,slow_start,slow_start_growth,0.17169700214405056,89.64817392345577,696551.7381146733,1222089.828043605,31152000,31080020,cwnd: 70065 -> 71245
25.434865951538086,72424.69583038724,74049.39166077446,slow_start,slow_start_growth,0.17269235434427568,89.64817392345577,696551.7381146733,1221991.8933018977,31152000,31081200,cwnd: 71245 -> 72425
25.43606400489807,73604.69583038724,74049.39166077446,slow_start,slow_start_growth,0.1726151348238816,89.64817392345577,163836.20347780606,1221980.7276005694,31154360,31082380,cwnd: 72425 -> 73605
25.437881469726562,74784.69583038724,74049.39166077446,congestion_avoidance,slow_start_growth,0.17197731389860899,89.64817392345577,170498.98788075044,1221939.8080375646,31156720,31083560,cwnd: 73605 -> 74785
25.437892198562622,74784.69583038724,74049.39166077446,congestion_avoidance,periodic,0.17197731389860899,89.64817392345577,170498.98788075044,1221939.2926649947,31156720,31083560,
25.438822507858276,74784.69583038724,74049.39166077446,congestion_avoidance,epoch_start,0.17251948037295547,89.64817392345577,173413.68941461723,1221940.9915847187,31159080,31084740,"W_max=89.65, K=4.07s"
25.539851665496826,75820.30521104002,74049.39166077446,congestion_avoidance,periodic,0.17158268261489693,89.64817392345577,738720.3677721723,1219648.4305381358,31225160,31149640,
25.64017105102539,76898.29081223511,74049.39166077446,congestion_avoidance,periodic,0.12648287804192043,89.64817392345577,841084.6849296445,1217315.5919235484,31288880,31212180,
25.74082922935486,78516.71042006859,74049.39166077446,congestion_avoidance,periodic,0.12216011750688349,89.64817392345577,692856.0637240491,1215076.6287020622,31354960,31277080,
25.841845750808716,80329.54121633674,74049.39166077446,congestion_avoidance,periodic,0.12578516735457188,89.64817392345577,792937.6163545188,1212838.28957996,31422220,31341980,
25.941883087158203,82121.00163195803,74049.39166077446,congestion_avoidance,periodic,0.1304220531499098,89.64817392345577,688346.2983824982,1210572.104364541,31485940,31404520,
26.04284381866455,83936.83971171925,74049.39166077446,congestion_avoidance,periodic,0.13244309424060763,89.64817392345577,830012.0277046404,1208371.1064398543,31553200,31469420,
26.144435167312622,85648.39943899098,74049.39166077446,congestion_avoidance,periodic,0.13466667645498734,89.64817392345577,700138.4523977932,1206112.8801675038,31618100,31533140,
26.241822719573975,30517.406554319186,61034.81310863837,slow_start,congestion,0.13759250380752083,73.89202555525227,785051.5068840809,1203930.0904366793,31680640,31593320,"cwnd: 87193 -> 30517, ssthresh: 61035"
26.24183177947998,30517.406554319186,61034.81310863837,slow_start,timeout,0.13759250380752083,73.89202555525227,785051.5068840809,1203929.6747837802,31680640,31593320,"seq=31593320, rto=0.138s"
26.24293351173401,31697.406554319186,61034.81310863837,slow_start,slow_start_growth,0.2476665068535375,73.89202555525227,785051.5068840809,1203924.095828431,31680640,31594500,cwnd: 30517 -> 31697
26.24492311477661,32877.40655431918,61034.81310863837,slow_start,slow_start_growth,0.1401891739887601,73.89202555525227,785051.5068840809,1203877.788546874,31680640,31595680,cwnd: 31697 -> 32877
26.244934797286987,32877.40655431918,61034.81310863837,slow_start,periodic,0.1401891739887601,73.89202555525227,785051.5068840809,1203877.2526600498,31680640,31595680,
26.24598455429077,34057.40655431918,61034.81310863837,slow_start,slow_start_growth,0.14081909594264055,73.89202555525227,785051.5068840809,1203874.0606068997,31680640,31596860,cwnd: 32877 -> 34057
26.248263359069824,35237.40655431918,61034.81310863837,slow_start,slow_start_growth,0.14253058870609442,73.89202555525227,785051.5068840809,1203814.4988011792,31680640,31598040,cwnd: 34057 -> 35237
26.250016689300537,36417.40655431918,61034.81310863837,slow_start,slow_start_growth,0.1421392940589813,73.89202555525227,785051.5068840809,1203779.0441817048,31680640,31599220,cwnd: 35237 -> 36417
26.25169801712036,37597.40655431918,61034.81310863837,slow_start,slow_start_growth,0.14138491686967564,73.89202555525227,785051.5068840809,1203746.8958918932,31680640,31600400,cwnd: 36417 -> 37597
26.25373911857605,38777.40655431918,61034.81310863837,slow_start,slow_start_growth,0.14076040059950726,73.89202555525227,785051.5068840809,1203698.2563615115,31680640,31601580,cwnd: 37597 -> 38777
26.255942344665527,39957.40655431918,61034.81310863837,slow_start,slow_start_growth,0.14047485304377164,73.89202555525227,785051.5068840809,1203642.192123445,31680640,31602760,cwnd: 38777 -> 39957
26.25689673423767,41137.40655431918,61034.81310863837,slow_start,slow_start_growth,0.13983582139230186,73.89202555525227,785051.5068840809,1203643.382532333,31680640,31603940,cwnd: 39957 -> 41137
26.258948802947998,42317.40655431918,61034.81310863837,slow_start,slow_start_growth,0.1396511058660591,73.89202555525227,785051.5068840809,1203594.2579868927,31680640,31605120,cwnd: 41137 -> 42317
26.26120090484619,43497.40655431918,61034.81310863837,slow_start,slow_start_growth,0.1396236504287218,73.89202555525227,785051.5068840809,1203535.9736411534,31680640,31606300,cwnd: 42317 -> 43497
26.263225555419922,44677.40655431918,61034.81310863837,slow_start,slow_start_growth,0.13968606155110835,73.89202555525227,785051.5068840809,1203488.1219484173,31680640,31607480,cwnd: 43497 -> 44677
26.26598834991455,45857.40655431918,61034.81310863837,slow_start,slow_start_growth,0.1404894903568591,73.89202555525227,785051.5068840809,1203406.4577700472,31680640,31608660,cwnd: 44677 -> 45857
26.267033576965332,47037.40655431918,61034.81310863837,slow_start,slow_start_growth,0.13987722910896677,73.89202555525227,785051.5068840809,1203403.4946268161,31680640,31609840,cwnd: 45857 -> 47037
26.268855094909668,48217.40655431918,61034.81310863837,slow_start,slow_start_growth,0.13915856974242372,73.89202555525227,785051.5068840809,1203364.9691160512,31680640,31611020,cwnd: 47037 -> 48217
26.270663738250732,49397.40655431918,61034.81310863837,slow_start,slow_start_growth,0.13887584681569473,73.89202555525227,785051.5068840809,1203327.0386683021,31680640,31612200,cwnd: 48217 -> 49397
26.2727632522583,50577.40655431918,61034.81310863837,slow_start,slow_start_growth,0.13841581918242746,73.89202555525227,785051.5068840809,1203275.7916045485,31680640,31613380,cwnd: 49397 -> 50577
26.275957107543945,51757.40655431918,61034.81310863837,slow_start,slow_start_growth,0.140526789668669,73.89202555525227,785051.5068840809,1203174.4408245862,31680640,31614560,cwnd: 50577 -> 51757
26.277917861938477,52937.40655431918,61034.81310863837,slow_start,slow_start_growth,0.14067061578846715,73.89202555525227,785051.5068840809,1203129.5693253134,31680640,31615740,cwnd: 51757 -> 52937
26.27795171737671,54117.40655431918,61034.81310863837,slow_start,slow_start_growth,0.1400361965193001,73.89202555525227,785051.5068840809,1203172.923827728,31680640,31616920,cwnd: 52937 -> 54117
26.28088140487671,55297.40655431918,61034.81310863837,slow_start,slow_start_growth,0.14035128022007337,73.89202555525227,785051.5068840809,1203083.698484059,31680640,31618100,cwnd: 54117 -> 55297
26.283925771713257,56477.40655431918,61034.81310863837,slow_start,slow_start_growth,0.1419616543527965,73.89202555525227,785051.5068840809,1202989.244248614,31680640,31619280,cwnd: 55297 -> 56477
26.28493571281433,57657.40655431918,61034.81310863837,slow_start,slow_start_growth,0.1419796105299073,73.89202555525227,785051.5068840809,1202987.9146550286,31680640,31620460,cwnd: 56477 -> 57657
26.28689432144165,58837.40655431918,61034.81310863837,slow_start,slow_start_growth,0.1423331922759122,73.89202555525227,785051.5068840809,1202943.1705900272,31680640,31621640,cwnd: 57657 -> 58837
26.291001796722412,60017.40655431918,61034.81310863837,slow_start,slow_start_growth,0.1448275269905326,73.89202555525227,785051.5068840809,1202800.1155871619,31680640,31622820,cwnd: 58837 -> 60017
26.291023015975952,61197.40655431918,61034.81310863837,congestion_avoidance,slow_start_growth,0.1441316970307362,73.89202555525227,785051.5068840809,1202844.0270575786,31680640,31624000,cwnd: 60017 -> 61197
26.294894218444824,61197.40655431918,61034.81310863837,congestion_avoidance,epoch_start,0.14565921414501504,73.89202555525227,193771.72791267646,1202711.816874935,31685360,31625180,"W_max=73.89, K=3.81s"
26.345848321914673,61763.706145877804,61034.81310863837,congestion_avoidance,periodic,0.15921339373590426,73.89202555525227,605483.0158671903,1201460.64811549,31714860,31653500,
26.446725606918335,62881.001618348484,61034.81310863837,congestion_avoidance,periodic,0.11697845533184767,73.89202555525227,656864.7351586659,1199108.7468198393,31775040,31712500,
26.546849489212036,64294.76777456753,61034.81310863837,congestion_avoidance,periodic,0.1091642237922158,73.89202555525227,694236.1195662847,1196897.5833803588,31837580,31773860,
26.64885950088501,65984.77041420687,61034.81310863837,congestion_avoidance,periodic,0.10222992099169834,73.89202555525227,736762.9391449327,1194795.5971227435,31904840,31839940,
26.749828338623047,67676.35526453635,61034.81310863837,congestion_avoidance,periodic,0.10626028935707643,73.89202555525227,738279.5906799128,1192756.0654261145,31973280,31906020,
26.851848363876343,69268.32916143806,61034.81310863837,congestion_avoidance,periodic,0.10975009718488461,73.89202555525227,698478.4667927404,1190641.313281447,32039360,31970920,
26.953599214553833,70824.8255755143,61034.81310863837,congestion_avoidance,periodic,0.10848815377914665,73.89202555525227,737432.5739402518,1188641.997121509,32107800,32038180,
27.05487561225891,72193.01382993264,61034.81310863837,congestion_avoidance,periodic,0.11900648679818256,73.89202555525227,785437.7223747481,1186460.4539322031,32171520,32099540,
27.15584683418274,73590.84464931743,61034.81310863837,congestion_avoidance,periodic,0.11729885647166101,73.89202555525227,694635.6098245614,1184482.3030711438,32237600,32165620,
27.25785183906555,74883.75678033069,61034.81310863837,congestion_avoidance,periodic,0.11526632001303494,73.89202555525227,738114.434850044,1182473.959808014,32306040,32231700,
27.358997106552124,76077.69846425702,61034.81310863837,congestion_avoidance,periodic,0.11616268953583858,73.89202555525227,685132.3836231071,1180517.6876262436,32317690,32297780,
27.39190435409546,76423.24004578455,61034.81310863837,congestion_avoidance,transfer_complete,0.1194834484201964,73.89202555525227,685132.3836231071,1179826.4400396852,32317690,32317693,"packets=27389, retrans=13"
